0.17805056273937225,0.5637082457542419,5.229611019785807e-07,0.253987193107605,0.5759385824203491,0.01660710945725441,0.31612759828567505,0.549435019493103,0.02332332357764244,0.36070501804351807,0.535447895526886,0.019306527450680733,0.39357125759124756,0.49878165125846863,0.014297067187726498,0.3000938892364502,0.4451040029525757,0.05373797193169594,0.33858469128608704,0.4088813066482544,0.04187965393066406,0.37596186995506287,0.4350050389766693,0.02498355321586132,0.400063693523407,0.4701611399650574,0.01399682741612196,0.2918659746646881,0.4287598729133606,0.030862746760249138,0.3426990807056427,0.37779098749160767,0.015139486640691757,0.38367125391960144,0.41461312770843506,-0.006122468039393425,0.3977609872817993,0.4664871096611023,-0.019112026318907738,0.2781384289264679,0.4152357578277588,0.0037987271789461374,0.33472830057144165,0.3569480776786804,-0.013258860446512699,0.3749394714832306,0.39652466773986816,-0.03016028180718422,0.38971227407455444,0.44991418719291687,-0.03891466185450554,0.25924837589263916,0.4089545011520386,-0.02309366688132286,0.3132065534591675,0.3703065514564514,-0.03622526302933693,0.34985285997390747,0.40199363231658936,-0.04531044140458107,0.36742186546325684,0.45018288493156433,-0.05088290944695473,o
0.17484577000141144,0.5628699064254761,4.945447358295496e-07,0.24972328543663025,0.5746874809265137,0.015569506213068962,0.3146888315677643,0.5447158217430115,0.022559380158782005,0.3599804937839508,0.5311908721923828,0.019421745091676712,0.39358335733413696,0.4962277114391327,0.015349135734140873,0.29598772525787354,0.442856103181839,0.04526708275079727,0.3373141288757324,0.40249142050743103,0.0317610539495945,0.3764343857765198,0.42971271276474,0.015042413026094437,0.3994137644767761,0.46611347794532776,0.004729041364043951,0.2869074046611786,0.4265483319759369,0.022697804495692253,0.3398878574371338,0.37162381410598755,0.004196602385491133,0.3820574879646301,0.4125800132751465,-0.017530741170048714,0.39458775520324707,0.46612340211868286,-0.02995709702372551,0.2725462019443512,0.4136509299278259,-0.003566653933376074,0.32933029532432556,0.3511653542518616,-0.02214912138879299,0.37046417593955994,0.39319533109664917,-0.04002935439348221,0.38457822799682617,0.44686418771743774,-0.049048349261283875,0.2531020939350128,0.4078804552555084,-0.02954159304499626,0.3062530755996704,0.3635735511779785,-0.043320897966623306,0.34069594740867615,0.39566120505332947,-0.05264458805322647,0.3540114760398865,0.4445061981678009,-0.058160558342933655,o
0.1741826832294464,0.5459797978401184,5.142765644450265e-07,0.2521919012069702,0.5626885294914246,0.01440450455993414,0.3148062229156494,0.538130521774292,0.021584801375865936,0.35905537009239197,0.524154007434845,0.018777981400489807,0.3926621973514557,0.49028366804122925,0.015414244495332241,0.300403892993927,0.43742066621780396,0.04999925196170807,0.34004202485084534,0.4033683240413666,0.037357933819293976,0.3768593370914459,0.43044576048851013,0.02085714600980282,0.39820924401283264,0.46611499786376953,0.010761426761746407,0.2907968759536743,0.41711899638175964,0.028772471472620964,0.34225934743881226,0.3660549521446228,0.011110246181488037,0.38172271847724915,0.4047853946685791,-0.010493725538253784,0.39208388328552246,0.4579673409461975,-0.022731944918632507,0.2756500840187073,0.40126198530197144,0.0034242046531289816,0.3321983218193054,0.3412843942642212,-0.01561657339334488,0.3718841075897217,0.3825855255126953,-0.03346259519457817,0.3843435049057007,0.4385707378387451,-0.04194283112883568,0.25519877672195435,0.39318522810935974,-0.02168622612953186,0.3078814148902893,0.3574994206428528,-0.036411672830581665,0.3424026072025299,0.3908749520778656,-0.046210166066884995,0.3568677604198456,0.44023314118385315,-0.05157916620373726,o
0.16524764895439148,0.5528526306152344,5.160570708540035e-07,0.24097490310668945,0.5623366832733154,0.009021400474011898,0.3066627085208893,0.539324939250946,0.010806468315422535,0.35395675897598267,0.5263986587524414,0.004194419831037521,0.3859162926673889,0.4890657365322113,-0.0032103692647069693,0.2943517863750458,0.43064573407173157,0.0338740237057209,0.3369412422180176,0.3960425853729248,0.01637725532054901,0.375074565410614,0.423739492893219,-0.0029411232098937035,0.39813923835754395,0.4605855941772461,-0.014708064496517181,0.28335997462272644,0.41227686405181885,0.014451817609369755,0.3365077078342438,0.36089587211608887,-0.004736366216093302,0.3783736526966095,0.3974730968475342,-0.025572244077920914,0.3917340040206909,0.4493422210216522,-0.037928130477666855,0.2666589319705963,0.400429904460907,-0.008697320707142353,0.32370075583457947,0.3386193513870239,-0.027377674356102943,0.3652718961238861,0.37432658672332764,-0.04323573410511017,0.3799322247505188,0.4260631203651428,-0.05118204280734062,0.24451503157615662,0.3972754180431366,-0.03209260478615761,0.2965162992477417,0.35533761978149414,-0.04611129313707352,0.3322161138057709,0.38329431414604187,-0.05436841771006584,0.3466637432575226,0.4293023943901062,-0.058914437890052795,o
0.15893973410129547,0.5502050518989563,4.943592557538068e-07,0.2352282702922821,0.5607131719589233,0.012419280596077442,0.30414503812789917,0.5331201553344727,0.017276590690016747,0.35095182061195374,0.5194973349571228,0.01272654440253973,0.38570713996887207,0.4843944311141968,0.007574602961540222,0.29138222336769104,0.4284449517726898,0.03930269926786423,0.33334195613861084,0.3914686143398285,0.022362077608704567,0.3721984624862671,0.4184243977069855,0.003897901391610503,0.3958108425140381,0.4564152956008911,-0.0070952121168375015,0.2806684970855713,0.41006773710250854,0.017901699990034103,0.33376872539520264,0.3552328944206238,-0.002584596164524555,0.375749409198761,0.3930199444293976,-0.023460833355784416,0.38994064927101135,0.4482755661010742,-0.03510618582367897,0.2644866406917572,0.3976811170578003,-0.007489187642931938,0.32198867201805115,0.3327518701553345,-0.02779114618897438,0.3641994595527649,0.36985448002815247,-0.04441392421722412,0.3803102672100067,0.4256911873817444,-0.05220144987106323,0.24329237639904022,0.39296817779541016,-0.03294069692492485,0.2946406602859497,0.3489677309989929,-0.04798584803938866,0.3314932584762573,0.37664154171943665,-0.057503148913383484,0.34882715344429016,0.42478063702583313,-0.06278909742832184,o
0.17131060361862183,0.5368318557739258,5.225450649959384e-07,0.24773409962654114,0.554826557636261,0.014471355825662613,0.31215953826904297,0.5288323163986206,0.020682508125901222,0.35797181725502014,0.5158646106719971,0.017106521874666214,0.3901927173137665,0.47989967465400696,0.012293689884245396,0.29898959398269653,0.42659443616867065,0.04314476251602173,0.3407755494117737,0.3899977207183838,0.028955787420272827,0.3780818283557892,0.4196561574935913,0.011448615230619907,0.3980659246444702,0.45679882168769836,0.0007852630224078894,0.28865090012550354,0.40891915559768677,0.021260548382997513,0.3425615131855011,0.3561619222164154,0.001987614668905735,0.38275206089019775,0.3989745080471039,-0.020507609471678734,0.3903423845767975,0.452390193939209,-0.03299427404999733,0.2715378701686859,0.3948177695274353,-0.00403233990073204,0.33019694685935974,0.32911407947540283,-0.02296372316777706,0.367554247379303,0.3708381652832031,-0.04011775925755501,0.3757224977016449,0.4226126968860626,-0.04824433475732803,0.24768774211406708,0.38741278648376465,-0.028984136879444122,0.3015903830528259,0.34347259998321533,-0.04328091815114021,0.3331570327281952,0.37524229288101196,-0.051789961755275726,0.3415820896625519,0.42179855704307556,-0.05623478814959526,o
0.16758982837200165,0.538682222366333,5.206190394346777e-07,0.24489355087280273,0.5538819432258606,0.012384310364723206,0.31081652641296387,0.5286996364593506,0.017662229016423225,0.357586532831192,0.5144485831260681,0.013170451857149601,0.39159244298934937,0.47810685634613037,0.007605831138789654,0.2996763288974762,0.42513856291770935,0.045110467821359634,0.3404389023780823,0.3894965946674347,0.02999792993068695,0.37853342294692993,0.416071355342865,0.010934161953628063,0.4014848470687866,0.45152270793914795,-0.0010462187929078937,0.29024240374565125,0.40610983967781067,0.024029457941651344,0.3417142331600189,0.3528991937637329,0.004732187371701002,0.38292190432548523,0.3918932378292084,-0.01826787367463112,0.39500778913497925,0.44571226835250854,-0.03173014894127846,0.274152934551239,0.39141446352005005,-0.0011544425506144762,0.33062875270843506,0.32728540897369385,-0.020869646221399307,0.3703587055206299,0.3678116202354431,-0.0391400009393692,0.3825231194496155,0.4235893487930298,-0.04818682745099068,0.251262366771698,0.3839733600616455,-0.02636915072798729,0.30280792713165283,0.3413229286670685,-0.04139463230967522,0.3371960520744324,0.37342870235443115,-0.051407504826784134,0.3503888249397278,0.42362475395202637,-0.05715297535061836,o
0.16943809390068054,0.5341374278068542,5.156576321496686e-07,0.24686944484710693,0.5498152375221252,0.015055323019623756,0.313186913728714,0.5263254046440125,0.021141907200217247,0.35962072014808655,0.5144979953765869,0.017072947695851326,0.393052875995636,0.4784957468509674,0.011860845610499382,0.301598459482193,0.42080649733543396,0.04768220707774162,0.3404671847820282,0.38511696457862854,0.034346356987953186,0.3772614598274231,0.4123162031173706,0.016475725919008255,0.3997315764427185,0.44787299633026123,0.00494132237508893,0.2921086847782135,0.4016212522983551,0.025095399469137192,0.3434303104877472,0.35105395317077637,0.007811808492988348,0.3839668035507202,0.39031246304512024,-0.01380402036011219,0.3959079086780548,0.4426279366016388,-0.02676677517592907,0.27608761191368103,0.38596487045288086,-0.001444225083105266,0.33412855863571167,0.32711061835289,-0.019826658070087433,0.37341150641441345,0.36752405762672424,-0.03676237910985947,0.38577142357826233,0.4201853573322296,-0.04531306028366089,0.2531101703643799,0.3780934810638428,-0.027817439287900925,0.3083978295326233,0.338920921087265,-0.041955042630434036,0.34179478883743286,0.3718504309654236,-0.050597481429576874,0.3534353971481323,0.420571893453598,-0.05560148134827614,o
0.16537505388259888,0.5399641394615173,5.151727009433671e-07,0.2455400824546814,0.5531454682350159,0.016542872413992882,0.31141188740730286,0.5288816690444946,0.021586185321211815,0.3594394624233246,0.5183318853378296,0.015833837911486626,0.3945983052253723,0.482364296913147,0.009050052613019943,0.3007420301437378,0.4174731373786926,0.04675659164786339,0.34267303347587585,0.3833560049533844,0.03199334815144539,0.3796956539154053,0.41417837142944336,0.013333612121641636,0.4019092619419098,0.45241886377334595,0.0011405224213376641,0.2914195954799652,0.39970776438713074,0.022343698889017105,0.34420210123062134,0.3484775125980377,0.0027426646556705236,0.38505101203918457,0.392263263463974,-0.020047591999173164,0.39578160643577576,0.4473487436771393,-0.033581044524908066,0.27571532130241394,0.3872319757938385,-0.005766913294792175,0.3337732255458832,0.32680636644363403,-0.024663059040904045,0.3721407651901245,0.3702608644962311,-0.04144005477428436,0.3828042447566986,0.4245966076850891,-0.049908820539712906,0.25333794951438904,0.38347291946411133,-0.033789943903684616,0.30695754289627075,0.3422713577747345,-0.04856070503592491,0.3416091203689575,0.3749832510948181,-0.05800436809659004,0.3545985817909241,0.42333850264549255,-0.0635564848780632,o
0.17244195938110352,0.5364128947257996,4.7461267627113557e-07,0.24737761914730072,0.5491997003555298,0.011111090891063213,0.31294772028923035,0.5228240489959717,0.015047718770802021,0.3576122522354126,0.5107680559158325,0.010225815698504448,0.38885897397994995,0.4778623580932617,0.004247876815497875,0.30114638805389404,0.41365304589271545,0.03211028873920441,0.3409629166126251,0.3808588683605194,0.01362766232341528,0.37694936990737915,0.41009485721588135,-0.00544515997171402,0.39781689643859863,0.4499695599079132,-0.017022306099534035,0.2901277244091034,0.3965132236480713,0.011316835880279541,0.34071338176727295,0.3505723476409912,-0.011461477726697922,0.38000279664993286,0.3933934271335602,-0.033904194831848145,0.3914407789707184,0.4501243531703949,-0.046438541263341904,0.2715381383895874,0.38522037863731384,-0.013002580963075161,0.3263953924179077,0.3284148573875427,-0.03515974059700966,0.3657803237438202,0.3694571852684021,-0.05363922193646431,0.37932631373405457,0.42462366819381714,-0.06268169730901718,0.24635031819343567,0.3817678987979889,-0.037173524498939514,0.2953549027442932,0.3396577835083008,-0.0548170767724514,0.33111679553985596,0.36936187744140625,-0.06644783169031143,0.347661554813385,0.41768962144851685,-0.07311737537384033,o
0.16532012820243835,0.5432155132293701,5.186062139728165e-07,0.24088861048221588,0.5527734160423279,0.007834560237824917,0.30823585391044617,0.5292260646820068,0.009140822105109692,0.3557286262512207,0.5176820755004883,0.002068751957267523,0.38921648263931274,0.482413649559021,-0.005778858438134193,0.2990702986717224,0.42455774545669556,0.030240962281823158,0.34054484963417053,0.3863646686077118,0.010323001071810722,0.3769606947898865,0.41580402851104736,-0.010358820669353008,0.3980228900909424,0.4555184841156006,-0.022760655730962753,0.28719139099121094,0.4055137634277344,0.010786394588649273,0.33884212374687195,0.34897270798683167,-0.012412874959409237,0.37864866852760315,0.3888324201107025,-0.034963179379701614,0.3901800513267517,0.44530925154685974,-0.04774731770157814,0.2688484787940979,0.3919018507003784,-0.012421957217156887,0.3255370855331421,0.3239433169364929,-0.034782495349645615,0.364835649728775,0.3629155457019806,-0.052223656326532364,0.37713244557380676,0.4196028709411621,-0.06047193706035614,0.24419334530830383,0.38587892055511475,-0.035853590816259384,0.2935246527194977,0.3440726399421692,-0.052838269621133804,0.32743722200393677,0.3740268051624298,-0.06302355229854584,0.340713232755661,0.42254966497421265,-0.06853228062391281,o
0.1653948724269867,0.5420078039169312,5.26901430930593e-07,0.2433362454175949,0.5516425371170044,0.00740803824737668,0.3113291263580322,0.5276716351509094,0.007927539758384228,0.3593527376651764,0.5145840048789978,8.545300079276785e-05,0.3915061056613922,0.47690775990486145,-0.008581984788179398,0.3001677095890045,0.41795992851257324,0.029537152498960495,0.3422907590866089,0.3789169192314148,0.008462555706501007,0.37931111454963684,0.40865859389305115,-0.013133477419614792,0.40115249156951904,0.4497103989124298,-0.026115015149116516,0.28793051838874817,0.399960458278656,0.010156833566725254,0.3409525454044342,0.3470185399055481,-0.01413070596754551,0.38150617480278015,0.3874239921569824,-0.037549786269664764,0.3931640386581421,0.44438567757606506,-0.05083388462662697,0.2698676586151123,0.38754186034202576,-0.012983000837266445,0.32700401544570923,0.3253282904624939,-0.03579334914684296,0.3677074909210205,0.3647375702857971,-0.053203027695417404,0.3808639645576477,0.4209749102592468,-0.061198923736810684,0.2450466752052307,0.3819795548915863,-0.03645867109298706,0.29716038703918457,0.340258926153183,-0.05328793451189995,0.33364394307136536,0.37011224031448364,-0.063287153840065,0.3488503098487854,0.41883426904678345,-0.06856365501880646,o
0.17041148245334625,0.5367385149002075,5.332863679541333e-07,0.2472265362739563,0.5489680171012878,0.012431195937097073,0.31270289421081543,0.5245828628540039,0.016232673078775406,0.358593612909317,0.5122252106666565,0.010384303517639637,0.39213335514068604,0.4758738577365875,0.00330212595872581,0.30255141854286194,0.4151364862918854,0.040639519691467285,0.34302669763565063,0.3821633458137512,0.024074409157037735,0.3804306387901306,0.41153886914253235,0.004274321720004082,0.4022408425807953,0.4500311613082886,-0.008097706362605095,0.2926744520664215,0.3969365060329437,0.019012069329619408,0.34405478835105896,0.34711533784866333,-0.0014232743997126818,0.3847488760948181,0.3889262080192566,-0.024572812020778656,0.39569053053855896,0.44514673948287964,-0.038040224462747574,0.27560895681381226,0.3837679624557495,-0.006350215990096331,0.3320285677909851,0.32266709208488464,-0.025841694325208664,0.37119054794311523,0.36426013708114624,-0.04312994331121445,0.38316211104393005,0.4203531742095947,-0.051750656217336655,0.25103288888931274,0.3788105249404907,-0.03178081288933754,0.3014087378978729,0.3356183171272278,-0.04659296199679375,0.3363659083843231,0.36790385842323303,-0.055992115288972855,0.3503842055797577,0.4185183048248291,-0.06128399446606636,o
0.17384696006774902,0.5357361435890198,5.128575821800041e-07,0.24810226261615753,0.5508832931518555,0.009413967840373516,0.31395381689071655,0.5261882543563843,0.013828137889504433,0.360107421875,0.5129788517951965,0.009917715564370155,0.39267757534980774,0.4779369533061981,0.005483560264110565,0.30169248580932617,0.4189677834510803,0.03746180608868599,0.34001970291137695,0.38525861501693726,0.02141386829316616,0.37709853053092957,0.41263872385025024,0.00335309817455709,0.3994535803794861,0.4497229754924774,-0.007684751413762569,0.29153597354888916,0.3989451229572296,0.018554242327809334,0.3425532579421997,0.3519538938999176,-0.0010462547652423382,0.3821873366832733,0.39183366298675537,-0.02199375070631504,0.3950709402561188,0.4455717206001282,-0.03404957428574562,0.27488136291503906,0.3842792510986328,-0.004437277093529701,0.33091607689857483,0.3273236155509949,-0.025250118225812912,0.370633602142334,0.3675844967365265,-0.04278641939163208,0.3843345046043396,0.42245757579803467,-0.05118606984615326,0.25261443853378296,0.37750035524368286,-0.027501532807946205,0.3038802444934845,0.3401540219783783,-0.04393582418560982,0.33895671367645264,0.3726941645145416,-0.0544084869325161,0.3542594611644745,0.4229952096939087,-0.06025345250964165,o
0.1685255765914917,0.5399333238601685,5.104954539092432e-07,0.24277105927467346,0.5523467063903809,0.009791197255253792,0.3127579689025879,0.5266191363334656,0.012822615914046764,0.3613561987876892,0.5137501955032349,0.007344449870288372,0.39402469992637634,0.4758242666721344,0.0011188650969415903,0.3025458753108978,0.41930660605430603,0.03344385698437691,0.3431086540222168,0.3796691596508026,0.01610563136637211,0.3798525929450989,0.40882089734077454,-0.0026612882502377033,0.401211678981781,0.4475158751010895,-0.013964727520942688,0.29181715846061707,0.40001383423805237,0.013140288181602955,0.3429914712905884,0.34623655676841736,-0.007047700230032206,0.383698970079422,0.38740748167037964,-0.027664821594953537,0.39494457840919495,0.4427621066570282,-0.03953052684664726,0.27426815032958984,0.3859122693538666,-0.011013119481503963,0.32981476187705994,0.3225407302379608,-0.030581770464777946,0.36969292163848877,0.36257803440093994,-0.04656154289841652,0.3825500011444092,0.41716402769088745,-0.05446046590805054,0.25043433904647827,0.3800067901611328,-0.03542327880859375,0.3019460141658783,0.3367396891117096,-0.049926843494176865,0.33590126037597656,0.3681536912918091,-0.05858340486884117,0.34884461760520935,0.4177025854587555,-0.06353232264518738,o
0.17410685122013092,0.5384120941162109,4.805639264304773e-07,0.2459104061126709,0.5514403581619263,0.009480806067585945,0.3135219216346741,0.5258603692054749,0.013011686503887177,0.3597886562347412,0.5123447179794312,0.008287076838314533,0.39136242866516113,0.47636672854423523,0.00277570728212595,0.3049580752849579,0.4187094271183014,0.03044300712645054,0.3458344042301178,0.3769335150718689,0.012768502347171307,0.381946325302124,0.4059578478336334,-0.005503530614078045,0.4015244245529175,0.4454484283924103,-0.016173820942640305,0.2935585081577301,0.39925894141197205,0.010956541635096073,0.34524959325790405,0.3449432849884033,-0.010359134525060654,0.38458603620529175,0.3878932595252991,-0.031143896281719208,0.3940660357475281,0.44403907656669617,-0.04247557744383812,0.27595144510269165,0.3854229748249054,-0.0119960131123662,0.33143675327301025,0.3228817582130432,-0.03241896256804466,0.3701831102371216,0.3656189441680908,-0.04876715689897537,0.38153886795043945,0.4211466610431671,-0.05629114434123039,0.2521023154258728,0.37954244017601013,-0.03502711281180382,0.303024560213089,0.33702829480171204,-0.050228577107191086,0.33602893352508545,0.3693258762359619,-0.05900759994983673,0.3476102352142334,0.41873589158058167,-0.06352464109659195,o
0.17053426802158356,0.5390357971191406,4.954478640684101e-07,0.24439741671085358,0.5531882047653198,0.007918532937765121,0.3102352023124695,0.5291733741760254,0.01013149879872799,0.35709047317504883,0.5152488946914673,0.004009638447314501,0.39091572165489197,0.47842416167259216,-0.0029076077044010162,0.3015514314174652,0.4201965928077698,0.031628794968128204,0.34353137016296387,0.38214850425720215,0.012597188353538513,0.3801937997341156,0.411528617143631,-0.007080216892063618,0.4007546603679657,0.4503942131996155,-0.018778720870614052,0.29114991426467896,0.40235206484794617,0.012334765866398811,0.34449946880340576,0.35032108426094055,-0.01009453646838665,0.3843497037887573,0.39263248443603516,-0.03221437707543373,0.3947988748550415,0.447223961353302,-0.04457153379917145,0.27398210763931274,0.38930636644363403,-0.010844985954463482,0.3308168053627014,0.32713255286216736,-0.03263738006353378,0.3698749542236328,0.36924928426742554,-0.04975110664963722,0.3814178705215454,0.42406243085861206,-0.05765135958790779,0.2503170967102051,0.38312163949012756,-0.03429561108350754,0.30010995268821716,0.3382665514945984,-0.05104909464716911,0.33459922671318054,0.3694334924221039,-0.061183568090200424,0.34781062602996826,0.4185803532600403,-0.06655862927436829,o
0.17363645136356354,0.5405730605125427,5.038803010393167e-07,0.24629980325698853,0.5547320246696472,0.008937075734138489,0.310556024312973,0.5323849320411682,0.01209329441189766,0.35683390498161316,0.5192961096763611,0.0069139390252530575,0.38794606924057007,0.4827876687049866,0.000845514761749655,0.3001888394355774,0.4234887957572937,0.03462458401918411,0.34132975339889526,0.39003366231918335,0.017945580184459686,0.3774411678314209,0.41680455207824707,-0.0006371226627379656,0.39848142862319946,0.4536525309085846,-0.012111821211874485,0.28925663232803345,0.40464353561401367,0.015531251206994057,0.3416031002998352,0.3586750626564026,-0.005812601651996374,0.38032859563827515,0.39813682436943054,-0.028339557349681854,0.3902845084667206,0.451592355966568,-0.040990158915519714,0.2714957296848297,0.39132022857666016,-0.00724599277600646,0.32701876759529114,0.3364556133747101,-0.027846191078424454,0.3654367923736572,0.376173734664917,-0.04541879519820213,0.3772391676902771,0.42920970916748047,-0.05378708243370056,0.24731840193271637,0.3856166899204254,-0.030170971527695656,0.29747748374938965,0.34638747572898865,-0.04607269912958145,0.3322393000125885,0.3767887353897095,-0.05651545897126198,0.34684744477272034,0.42473557591438293,-0.06227802485227585,o
0.16829310357570648,0.5399873852729797,5.446671025310934e-07,0.24143265187740326,0.5533602833747864,0.010127305053174496,0.30782395601272583,0.5305832028388977,0.013844141736626625,0.3544481098651886,0.519460141658783,0.008972452022135258,0.3816516101360321,0.4812772870063782,0.003177410690113902,0.2957691252231598,0.4200079143047333,0.0399697981774807,0.3328246772289276,0.3930952548980713,0.025222966447472572,0.3693881332874298,0.41982612013816833,0.006394590716809034,0.3925366699695587,0.454719603061676,-0.006066666916012764,0.2857806980609894,0.3991927206516266,0.020492268726229668,0.33261922001838684,0.3608471155166626,0.0031210631132125854,0.37308022379875183,0.398417592048645,-0.018404562026262283,0.38705939054489136,0.45036083459854126,-0.03198922425508499,0.26825591921806335,0.3843075633049011,-0.0029376891907304525,0.31971266865730286,0.3381657898426056,-0.020891360938549042,0.35926204919815063,0.37683871388435364,-0.03765815868973732,0.37433958053588867,0.4289177358150482,-0.04678482562303543,0.24432751536369324,0.3790927529335022,-0.026597440242767334,0.29216209053993225,0.346998393535614,-0.04027584195137024,0.3258698582649231,0.3790719211101532,-0.04924418404698372,0.3406057059764862,0.4275893270969391,-0.054864466190338135,o
0.17003118991851807,0.5431209802627563,5.159807869858923e-07,0.2370002716779709,0.5585625171661377,0.0025941107887774706,0.30114632844924927,0.535515308380127,0.003164634807035327,0.34683021903038025,0.5226896405220032,-0.0027331190649420023,0.37847650051116943,0.48644551634788513,-0.009412860497832298,0.2952241003513336,0.43029361963272095,0.021289700642228127,0.3339528739452362,0.3925756514072418,0.0014921445399522781,0.36900538206100464,0.4179518520832062,-0.017484504729509354,0.3889198899269104,0.45406296849250793,-0.02864634431898594,0.28284862637519836,0.4104028642177582,0.006082312669605017,0.32978591322898865,0.3579072654247284,-0.016408657655119896,0.36864960193634033,0.3968830108642578,-0.0370800718665123,0.38132569193840027,0.45023271441459656,-0.048841800540685654,0.26310908794403076,0.39622777700424194,-0.012825031764805317,0.31334081292152405,0.33482009172439575,-0.03535420075058937,0.3522225618362427,0.3744719624519348,-0.05246085673570633,0.3662640452384949,0.4285280406475067,-0.060522764921188354,0.23740869760513306,0.38937070965766907,-0.03208114579319954,0.28253403306007385,0.34594613313674927,-0.04994332045316696,0.3179130554199219,0.3739985227584839,-0.06098555400967598,0.33493053913116455,0.4206028878688812,-0.06702973693609238,o
0.15291403234004974,0.5337744355201721,5.121280537423445e-07,0.21613723039627075,0.5457486510276794,0.0008969954797066748,0.2870832681655884,0.5214986205101013,-2.8225906135048717e-05,0.33550962805747986,0.5100225806236267,-0.006731423083692789,0.36533501744270325,0.4718581438064575,-0.014296402223408222,0.28217729926109314,0.41224610805511475,0.01326516643166542,0.3219139575958252,0.37664926052093506,-0.008400702849030495,0.358603835105896,0.40555906295776367,-0.028151465579867363,0.3785005807876587,0.4451919198036194,-0.039483122527599335,0.2681802809238434,0.3922635316848755,-0.0021844999864697456,0.31794285774230957,0.3391595482826233,-0.026623716577887535,0.35814228653907776,0.3800749182701111,-0.04762903228402138,0.3695864975452423,0.4362860918045044,-0.05928351357579231,0.2471989244222641,0.38022419810295105,-0.02105744183063507,0.3017311096191406,0.3156431019306183,-0.04469284042716026,0.3428783714771271,0.35349029302597046,-0.06233937293291092,0.3574654757976532,0.4078628420829773,-0.07085069268941879,0.2203032225370407,0.37629199028015137,-0.04032859578728676,0.2681828439235687,0.32942941784858704,-0.05967852473258972,0.30628615617752075,0.35501629114151,-0.07182246446609497,0.3242534399032593,0.4019240736961365,-0.07867565006017685,o
0.15753383934497833,0.5374470353126526,5.394485924625769e-07,0.22470390796661377,0.547322690486908,-0.002133276080712676,0.294670432806015,0.524246096611023,-0.004488833714276552,0.34325119853019714,0.512223482131958,-0.011935598216950893,0.36934030055999756,0.4735194146633148,-0.020238732919096947,0.28761088848114014,0.4129553437232971,0.010798273608088493,0.32679399847984314,0.3808671236038208,-0.012271919287741184,0.3614210784435272,0.4078599214553833,-0.033234044909477234,0.38259539008140564,0.44570663571357727,-0.04579368233680725,0.27374958992004395,0.39206376671791077,-0.002634593518450856,0.32164210081100464,0.34841400384902954,-0.028830965980887413,0.3598487377166748,0.3875797986984253,-0.050722889602184296,0.37307149171829224,0.44257164001464844,-0.06291727721691132,0.2521401345729828,0.37962883710861206,-0.019727610051631927,0.30368679761886597,0.3258666694164276,-0.04441877827048302,0.34250083565711975,0.3625808358192444,-0.06193041428923607,0.35769596695899963,0.41623440384864807,-0.07000167667865753,0.22400951385498047,0.37534594535827637,-0.03758825361728668,0.2690922021865845,0.3341173231601715,-0.05709301307797432,0.3058556318283081,0.35811007022857666,-0.06941293179988861,0.32547426223754883,0.40334057807922363,-0.07630892843008041,o
0.16033422946929932,0.5290811061859131,5.020941102884535e-07,0.22696882486343384,0.5403931140899658,0.0004392547707539052,0.2952139377593994,0.519029438495636,0.0001511205337010324,0.3433106541633606,0.5079119801521301,-0.006073400378227234,0.370077520608902,0.4697471857070923,-0.013136180117726326,0.28987112641334534,0.40907320380210876,0.019157113507390022,0.32959410548210144,0.3772197663784027,-0.0020743825007230043,0.3631042242050171,0.4035487174987793,-0.022341785952448845,0.38259652256965637,0.441508024930954,-0.034343164414167404,0.2764671742916107,0.390221506357193,0.004785093013197184,0.3256400525569916,0.34532344341278076,-0.019834382459521294,0.36184191703796387,0.38199281692504883,-0.04196545109152794,0.3734202980995178,0.43670451641082764,-0.05420495942234993,0.25571224093437195,0.37774333357810974,-0.013523510657250881,0.30856433510780334,0.3235711455345154,-0.03738230839371681,0.3468035161495209,0.35797518491744995,-0.05565369501709938,0.36146289110183716,0.4114784598350525,-0.06418757140636444,0.22849373519420624,0.37137600779533386,-0.03245855122804642,0.2746872305870056,0.33089232444763184,-0.051523514091968536,0.3111896514892578,0.3550463914871216,-0.06420671939849854,0.3309254050254822,0.4012986719608307,-0.07134480029344559,o
0.16453316807746887,0.5392142534255981,4.4438471036301053e-07,0.23194687068462372,0.5475825071334839,0.007531266193836927,0.29781654477119446,0.5240922570228577,0.009297906421124935,0.3433322310447693,0.5148959755897522,0.0037278952077031136,0.37394213676452637,0.48242372274398804,-0.002797342138364911,0.2936224043369293,0.4196207523345947,0.020623473450541496,0.33447134494781494,0.38566988706588745,-0.0001840084878494963,0.3675777018070221,0.4152714014053345,-0.019195450469851494,0.38480979204177856,0.45632296800613403,-0.030039748176932335,0.2804194688796997,0.4005926251411438,0.00210311240516603,0.3309766948223114,0.35101789236068726,-0.022250916808843613,0.3678109645843506,0.391335129737854,-0.04277992993593216,0.37770918011665344,0.4469466805458069,-0.053733084350824356,0.25998586416244507,0.38855502009391785,-0.01965327374637127,0.31380850076675415,0.3286709189414978,-0.043247293680906296,0.35230883955955505,0.3662866950035095,-0.06066108122467995,0.36598479747772217,0.42054232954978943,-0.0687551349401474,0.23393777012825012,0.38449612259864807,-0.04137350991368294,0.28186842799186707,0.3422169089317322,-0.060700491070747375,0.31806254386901855,0.3698255717754364,-0.07294435799121857,0.335834801197052,0.4179232120513916,-0.0797429233789444,o
0.16612069308757782,0.5292958617210388,4.911606765745091e-07,0.23278842866420746,0.542694091796875,0.0030127044301480055,0.3014523983001709,0.5208039283752441,0.0038894673343747854,0.3484003245830536,0.5084652900695801,-0.0015439888229593635,0.3732869029045105,0.4691494107246399,-0.007848689332604408,0.292543888092041,0.41237983107566833,0.022140389308333397,0.3295815587043762,0.38227584958076477,0.002316639758646488,0.3647875189781189,0.40737518668174744,-0.017210092395544052,0.38585665822029114,0.4439529478549957,-0.029011646285653114,0.2799493670463562,0.39195016026496887,0.006397230084985495,0.32778212428092957,0.35076919198036194,-0.015961458906531334,0.36572790145874023,0.38554510474205017,-0.036610573530197144,0.37875109910964966,0.4377635717391968,-0.0484749972820282,0.2598181366920471,0.37795358896255493,-0.013248512521386147,0.3134342133998871,0.3274695873260498,-0.03573795035481453,0.35258200764656067,0.3618967533111572,-0.05233807489275932,0.36789143085479736,0.41452476382255554,-0.06034814193844795,0.23265108466148376,0.3716258406639099,-0.033305224031209946,0.2801532447338104,0.3368975818157196,-0.05158304050564766,0.31612643599510193,0.36333638429641724,-0.06279221922159195,0.3341136574745178,0.40935543179512024,-0.06919333338737488,o
0.1670151948928833,0.5305984020233154,5.091225148134981e-07,0.22703023254871368,0.5455090999603271,-0.0025083664804697037,0.296328067779541,0.5250836610794067,-0.0031216670759022236,0.34504255652427673,0.5133682489395142,-0.00860684271901846,0.3730294704437256,0.4745386838912964,-0.014835789799690247,0.290227472782135,0.4147191643714905,0.016956135630607605,0.3260941505432129,0.3845559358596802,-0.001917220070026815,0.36160823702812195,0.4066081941127777,-0.021203864365816116,0.38441067934036255,0.4397096335887909,-0.03323410823941231,0.27798110246658325,0.3933490216732025,0.004657723940908909,0.3230205774307251,0.35282179713249207,-0.015017582103610039,0.36155372858047485,0.3850739598274231,-0.03474751487374306,0.3770260214805603,0.43415379524230957,-0.04719498008489609,0.2582118511199951,0.37852853536605835,-0.011758312582969666,0.30904072523117065,0.331805020570755,-0.03281731158494949,0.34722328186035156,0.3650955557823181,-0.0495087131857872,0.36237820982933044,0.41405928134918213,-0.05837848037481308,0.232538640499115,0.3716866374015808,-0.02903636358678341,0.2794335186481476,0.33792734146118164,-0.046863358467817307,0.31292179226875305,0.3638654947280884,-0.05797995999455452,0.3280302882194519,0.40843042731285095,-0.06471747159957886,o
0.16145572066307068,0.5288202166557312,5.426006168818276e-07,0.23184075951576233,0.5435589551925659,0.0037592516746371984,0.2960943877696991,0.5230869650840759,0.0037885550409555435,0.34167569875717163,0.5109218955039978,-0.0027603504713624716,0.3695331811904907,0.47294244170188904,-0.010340624488890171,0.2901345491409302,0.40667903423309326,0.023836573585867882,0.32886189222335815,0.38425013422966003,0.006482669152319431,0.36176955699920654,0.41277197003364563,-0.011715415865182877,0.38069289922714233,0.4495936930179596,-0.023260561749339104,0.27738529443740845,0.3867018520832062,0.00784437358379364,0.3252928853034973,0.3529130220413208,-0.012177343480288982,0.3626188337802887,0.39135921001434326,-0.03316705301403999,0.37410372495651245,0.44331997632980347,-0.046009309589862823,0.2560322880744934,0.374267578125,-0.011563614942133427,0.30878084897994995,0.3296605944633484,-0.0322401337325573,0.34582972526550293,0.3684307932853699,-0.048712845891714096,0.3585655391216278,0.41957247257232666,-0.05715173855423927,0.22733554244041443,0.3708672523498535,-0.031260374933481216,0.2751728892326355,0.3376402258872986,-0.04875635728240013,0.31029823422431946,0.36658230423927307,-0.05939025059342384,0.3265731930732727,0.4121379554271698,-0.06547302007675171,o
0.15807057917118073,0.5280733704566956,5.590824230239377e-07,0.22640374302864075,0.5427727699279785,-0.0010389642557129264,0.29441070556640625,0.5196840763092041,-0.002168496372178197,0.3430922031402588,0.5061022639274597,-0.009159509092569351,0.3694750666618347,0.4650910198688507,-0.017158478498458862,0.2858339250087738,0.40778863430023193,0.017161862924695015,0.3224160671234131,0.37269484996795654,-0.00536349369212985,0.35647469758987427,0.4006653428077698,-0.0267594326287508,0.3770388960838318,0.4400685131549835,-0.03981345146894455,0.2716841697692871,0.3868520259857178,0.002888708608224988,0.31812334060668945,0.3396407663822174,-0.02302868478000164,0.35543832182884216,0.37874436378479004,-0.0458400696516037,0.3686181306838989,0.43369653820991516,-0.05892746150493622,0.25067952275276184,0.3743310272693634,-0.015415250323712826,0.30207526683807373,0.31845396757125854,-0.0417623333632946,0.3401170074939728,0.35814380645751953,-0.06030648946762085,0.35426196455955505,0.4141424894332886,-0.06866145133972168,0.2230807989835739,0.3695954382419586,-0.03441004827618599,0.271323025226593,0.3307304382324219,-0.0557689368724823,0.3080032467842102,0.3591952919960022,-0.06886912882328033,0.3261473774909973,0.4078880846500397,-0.07611095905303955,o
0.15835683047771454,0.5354747772216797,5.122331003803993e-07,0.22310975193977356,0.5474510788917542,-0.0009267713758163154,0.28947678208351135,0.527243971824646,-0.003150425385683775,0.336322158575058,0.5140342712402344,-0.010690256021916866,0.3650439381599426,0.47500863671302795,-0.019267050549387932,0.2864620089530945,0.41283634305000305,0.014696947298943996,0.32356947660446167,0.38759636878967285,-0.006038417108356953,0.35753700137138367,0.4136178195476532,-0.026329711079597473,0.3784286081790924,0.4486044943332672,-0.038856614381074905,0.27406126260757446,0.3918108344078064,0.0009035550756379962,0.3195151090621948,0.3562716543674469,-0.021006794646382332,0.35727405548095703,0.39260241389274597,-0.04159365966916084,0.37115660309791565,0.4432772099971771,-0.0541246123611927,0.25310856103897095,0.37848079204559326,-0.016543107107281685,0.3029147982597351,0.3321503698825836,-0.03828297182917595,0.3416062593460083,0.3683857023715973,-0.05461463704705238,0.35718533396720886,0.4194372594356537,-0.0629536360502243,0.22465986013412476,0.3739805221557617,-0.03470810502767563,0.2699340283870697,0.3358910083770752,-0.05288831144571304,0.30604681372642517,0.36211350560188293,-0.06399194151163101,0.324072003364563,0.4077935516834259,-0.07042273133993149,o
0.15646187961101532,0.5392632484436035,5.41446752322372e-07,0.22366085648536682,0.5506671667098999,0.0009533467818982899,0.29333433508872986,0.5286327004432678,-0.00039581707096658647,0.3416731655597687,0.5152708292007446,-0.007514751050621271,0.3654371500015259,0.4721854627132416,-0.016001267358660698,0.2862212657928467,0.4167710542678833,0.01639939285814762,0.32091864943504333,0.3879457712173462,-0.004290112294256687,0.35548534989356995,0.4137416481971741,-0.02491053007543087,0.37794551253318787,0.4497387409210205,-0.038014672696590424,0.27339035272598267,0.39513638615608215,0.001196250319480896,0.31783416867256165,0.35272595286369324,-0.021042997017502785,0.35650765895843506,0.388677179813385,-0.041564974933862686,0.3714757561683655,0.4407760500907898,-0.05425605922937393,0.2521030008792877,0.3822396993637085,-0.017714034765958786,0.30177775025367737,0.3276554048061371,-0.04043387621641159,0.34138381481170654,0.36247798800468445,-0.05725604295730591,0.3574368953704834,0.4145500957965851,-0.06593264639377594,0.22308774292469025,0.3780670166015625,-0.03716004639863968,0.26951998472213745,0.3368667662143707,-0.05599335581064224,0.3065018951892853,0.36334535479545593,-0.06775064021348953,0.3250293433666229,0.41054439544677734,-0.07499641925096512,o
0.787360429763794,0.6324962377548218,-8.928425927479111e-07,0.6731743812561035,0.6348801255226135,-0.0043164207600057125,0.5898995399475098,0.5994688272476196,-0.01809527724981308,0.5270900726318359,0.5687701106071472,-0.04040949419140816,0.49805474281311035,0.5180181860923767,-0.06092395633459091,0.6358420848846436,0.40614187717437744,0.021104315295815468,0.5496616363525391,0.381544291973114,-0.011845911853015423,0.5036218762397766,0.4288685619831085,-0.044087428599596024,0.4814453125,0.4800206124782562,-0.06406009942293167,0.6530422568321228,0.38034534454345703,0.0013236961094662547,0.5380951166152954,0.3368252217769623,-0.0249094907194376,0.4885709285736084,0.399721622467041,-0.04548785462975502,0.4751346707344055,0.4618266820907593,-0.05836692452430725,0.6670478582382202,0.3777647614479065,-0.024860406294465065,0.5534265041351318,0.33062446117401123,-0.05094507709145546,0.49776750802993774,0.39575785398483276,-0.06076395511627197,0.48227179050445557,0.46233928203582764,-0.06434129178524017,0.6735443472862244,0.40074649453163147,-0.05332818999886513,0.5777996778488159,0.3709726631641388,-0.07376936823129654,0.5264717936515808,0.40782231092453003,-0.07882340997457504,0.5041645169258118,0.4557938873767853,-0.07978838682174683,o
0.7938839197158813,0.6321044564247131,-8.829708804114489e-07,0.6840569972991943,0.6366153955459595,-0.0045381588861346245,0.5965643525123596,0.6020650863647461,-0.017309440299868584,0.5331882238388062,0.5698217153549194,-0.03835676982998848,0.50617516040802,0.5181202292442322,-0.0578138493001461,0.6352996230125427,0.4251272976398468,0.02210955321788788,0.55313640832901,0.4038528501987457,-0.011802567169070244,0.5085703134536743,0.44439518451690674,-0.04395896941423416,0.4870589077472687,0.48938339948654175,-0.06364317238330841,0.6533649563789368,0.39336925745010376,0.002616685116663575,0.5441113710403442,0.34655025601387024,-0.024687597528100014,0.4969770610332489,0.40728649497032166,-0.04451501742005348,0.48572444915771484,0.46670711040496826,-0.05603119730949402,0.6710718274116516,0.38383814692497253,-0.023420369252562523,0.5617144107818604,0.33383503556251526,-0.05135638639330864,0.5079159736633301,0.4005064070224762,-0.060306794941425323,0.4946439862251282,0.4650561213493347,-0.06215907260775566,0.6838114857673645,0.3997134566307068,-0.051596615463495255,0.5877943634986877,0.36755403876304626,-0.07274720072746277,0.5362825393676758,0.406438410282135,-0.07679461687803268,0.5149741768836975,0.45442819595336914,-0.0765899047255516,o
0.79588383436203,0.6354089975357056,-9.089734476219746e-07,0.6827641725540161,0.6360766887664795,-0.0034709509927779436,0.596980631351471,0.6002863645553589,-0.015669744461774826,0.5346724987030029,0.569318950176239,-0.03696924448013306,0.5062851905822754,0.5201321840286255,-0.05729779601097107,0.627938449382782,0.4261496067047119,0.023901093751192093,0.5429612994194031,0.40192821621894836,-0.01030049379914999,0.5017059445381165,0.4490472674369812,-0.04344548285007477,0.48556965589523315,0.499398410320282,-0.06380017846822739,0.646413266658783,0.39367783069610596,0.003859061049297452,0.5357366800308228,0.35059037804603577,-0.02407611906528473,0.49120861291885376,0.4159241020679474,-0.04625054448843002,0.48404157161712646,0.4770905077457428,-0.059780534356832504,0.666007399559021,0.38356679677963257,-0.02263389527797699,0.5560164451599121,0.3319741189479828,-0.05104557424783707,0.5031623840332031,0.4022005796432495,-0.06191983446478844,0.4935727119445801,0.4710526466369629,-0.06526584178209305,0.6822091341018677,0.39827585220336914,-0.05121622607111931,0.5847480297088623,0.3668794631958008,-0.07323089987039566,0.5331798791885376,0.40802913904190063,-0.07864256203174591,0.5147881507873535,0.4590788781642914,-0.0794822946190834,o
0.7882089614868164,0.6251022815704346,-8.689766559655254e-07,0.6872490644454956,0.6334164142608643,-0.006107082590460777,0.601731538772583,0.6027539968490601,-0.017367973923683167,0.5380127429962158,0.5734582543373108,-0.03687252849340439,0.5067987442016602,0.5258042216300964,-0.054972272366285324,0.6219120025634766,0.4433583617210388,0.022535333409905434,0.5466728806495667,0.41094398498535156,-0.011754847131669521,0.5035900473594666,0.4525350332260132,-0.042532384395599365,0.4863862991333008,0.499988853931427,-0.0607038177549839,0.6374781727790833,0.4083283245563507,0.004422272555530071,0.5353220701217651,0.3541682958602905,-0.026425624266266823,0.4899277687072754,0.41628116369247437,-0.04832294210791588,0.48219409584999084,0.47663164138793945,-0.059271253645420074,0.6565057635307312,0.391900897026062,-0.020449509844183922,0.5532103180885315,0.3371821939945221,-0.05252080783247948,0.5010579228401184,0.4056282639503479,-0.06509508192539215,0.4906093180179596,0.470827579498291,-0.06727156788110733,0.6762582063674927,0.3964999318122864,-0.04714859649538994,0.5823614597320557,0.3603745400905609,-0.07107279449701309,0.5316625833511353,0.40351638197898865,-0.07686422765254974,0.5129589438438416,0.4557758569717407,-0.07686014473438263,o
0.7951329350471497,0.6303883194923401,-7.867248541515437e-07,0.6898876428604126,0.6393518447875977,-0.006451982539147139,0.6050480008125305,0.6084451079368591,-0.01736183650791645,0.5414158701896667,0.5763202905654907,-0.036838870495557785,0.5067019462585449,0.5240523815155029,-0.05512711778283119,0.6164121627807617,0.4455263316631317,0.024678388610482216,0.5413699150085449,0.4119902551174164,-0.008232015185058117,0.5039697885513306,0.4532621502876282,-0.038281165063381195,0.4910111427307129,0.5016543865203857,-0.05600334331393242,0.6353594064712524,0.4108564555644989,0.006728889886289835,0.5352131724357605,0.35845547914505005,-0.022470466792583466,0.49351587891578674,0.4184607267379761,-0.045628104358911514,0.4854598045349121,0.48000046610832214,-0.0577085018157959,0.6579023599624634,0.39500945806503296,-0.01798352226614952,0.5547437071800232,0.3422982096672058,-0.048591312021017075,0.506035327911377,0.411586731672287,-0.06265687197446823,0.4961623549461365,0.4790878891944885,-0.06607543677091599,0.6803333759307861,0.4008632004261017,-0.04455846920609474,0.5831561088562012,0.3713553249835968,-0.06816297769546509,0.5338733196258545,0.4132343530654907,-0.07505922764539719,0.5154023170471191,0.46527934074401855,-0.07572010904550552,o
0.7984326481819153,0.6403953433036804,-8.431792934970872e-07,0.6875661611557007,0.6445550322532654,-0.007802686188369989,0.5998602509498596,0.6103500723838806,-0.0218136515468359,0.5361011028289795,0.5791565775871277,-0.04477393999695778,0.508600115776062,0.5262036919593811,-0.0658251941204071,0.6219335794448853,0.4410690367221832,0.02387841045856476,0.5469423532485962,0.39808136224746704,-0.012081513181328773,0.504645049571991,0.4431935250759125,-0.045871101319789886,0.486916184425354,0.49704983830451965,-0.0665423721075058,0.6396966576576233,0.41186800599098206,0.0049792928621172905,0.5382634997367859,0.35420238971710205,-0.027402058243751526,0.49377888441085815,0.4172298312187195,-0.05427746847271919,0.4838128685951233,0.4789789021015167,-0.06963148713111877,0.6600666642189026,0.3993144929409027,-0.021065164357423782,0.5587329864501953,0.3420071303844452,-0.052403707057237625,0.5061943531036377,0.4091019034385681,-0.06842723488807678,0.4929097294807434,0.4774434566497803,-0.07431428879499435,0.680140495300293,0.40928298234939575,-0.049372024834156036,0.5874371528625488,0.37503552436828613,-0.07217693328857422,0.5370674133300781,0.41608726978302,-0.07985476404428482,0.5166507959365845,0.4687526524066925,-0.0823010578751564,o
0.7863497734069824,0.6286875009536743,-8.492805250170932e-07,0.6802579164505005,0.6384139060974121,-0.012193790636956692,0.5903080701828003,0.607979416847229,-0.02716728486120701,0.5287386775016785,0.5755780339241028,-0.0494571179151535,0.5074386596679688,0.5223866701126099,-0.06947298347949982,0.6150168776512146,0.442664235830307,0.0156855471432209,0.5413984656333923,0.39627450704574585,-0.021306924521923065,0.4984528720378876,0.4425886571407318,-0.05325915664434433,0.48109355568885803,0.4974946677684784,-0.07193778455257416,0.6312497854232788,0.41387832164764404,0.0003360154223628342,0.529680609703064,0.35559141635894775,-0.03509572893381119,0.4863855242729187,0.4233281910419464,-0.06062871217727661,0.47928377985954285,0.48666054010391235,-0.07321705669164658,0.6513239741325378,0.39945146441459656,-0.022106140851974487,0.5501921772956848,0.34341961145401,-0.057015880942344666,0.49844056367874146,0.41518741846084595,-0.07313623279333115,0.4871763288974762,0.48401501774787903,-0.07714766263961792,0.6737291216850281,0.40536731481552124,-0.04661938175559044,0.5814289450645447,0.3723565340042114,-0.07192035019397736,0.5301520824432373,0.416665256023407,-0.08021760731935501,0.509390115737915,0.4695904850959778,-0.08185684680938721,o
0.7824504375457764,0.6422280669212341,-8.336591577062791e-07,0.6722460389137268,0.6494133472442627,-0.010120755061507225,0.5861831307411194,0.6148055195808411,-0.02241554670035839,0.528677761554718,0.5817698836326599,-0.043091993778944016,0.501589834690094,0.5310487747192383,-0.06170329079031944,0.601721465587616,0.4521116018295288,0.017557315528392792,0.5220978856086731,0.40298742055892944,-0.018733037635684013,0.4807257652282715,0.45358121395111084,-0.04869423434138298,0.4681769013404846,0.5088239312171936,-0.06562726199626923,0.6219072937965393,0.4267307221889496,0.001384646282531321,0.5196854472160339,0.37073782086372375,-0.03428085148334503,0.4766790270805359,0.4399779140949249,-0.060227733105421066,0.4720737934112549,0.500861644744873,-0.07325489819049835,0.645912766456604,0.41472163796424866,-0.021670343354344368,0.5472322106361389,0.3618752956390381,-0.05718662217259407,0.49527862668037415,0.43452978134155273,-0.07436814159154892,0.48602598905563354,0.5030089616775513,-0.07889919728040695,0.6713557243347168,0.42057710886001587,-0.04663172364234924,0.583845317363739,0.3836621642112732,-0.07152584195137024,0.5322172045707703,0.42500483989715576,-0.08012476563453674,0.5126067399978638,0.4771530330181122,-0.0821562185883522,o
0.7882826328277588,0.6291300058364868,-7.943771720420045e-07,0.6885013580322266,0.6356760859489441,-0.013654407113790512,0.6009491682052612,0.6117066144943237,-0.029209377244114876,0.5380160808563232,0.5817328691482544,-0.05220780149102211,0.5051847100257874,0.5273810625076294,-0.07273589819669724,0.6104845404624939,0.46102428436279297,0.01195934135466814,0.5423911809921265,0.400280624628067,-0.02833402343094349,0.5007617473602295,0.4448287785053253,-0.0597270205616951,0.4843669533729553,0.4979774057865143,-0.07659851014614105,0.6271413564682007,0.4302718937397003,-0.0028110756538808346,0.5345417857170105,0.35425490140914917,-0.0428285077214241,0.490886390209198,0.4165129065513611,-0.06892039626836777,0.481598436832428,0.4774085581302643,-0.0799604058265686,0.6487911343574524,0.40967103838920593,-0.02481294795870781,0.5559897422790527,0.3454168438911438,-0.06317242980003357,0.5058344006538391,0.4134555459022522,-0.0799611285328865,0.492931067943573,0.4784286618232727,-0.08259689062833786,0.6760233044624329,0.4039928913116455,-0.0487799346446991,0.5868341326713562,0.3659477233886719,-0.07404565811157227,0.5370793342590332,0.40742430090904236,-0.0817466750741005,0.5167856216430664,0.4574825167655945,-0.08238339424133301,o
0.8057706356048584,0.5970613956451416,-8.299281830659311e-07,0.7039777040481567,0.611342191696167,-0.007939529605209827,0.6140206456184387,0.5895838141441345,-0.019819345325231552,0.5486734509468079,0.5643091201782227,-0.03907829150557518,0.514167845249176,0.5209503173828125,-0.05703522637486458,0.6330045461654663,0.43168771266937256,0.015066775493323803,0.5535260438919067,0.40050503611564636,-0.02050960436463356,0.5107091069221497,0.4409034550189972,-0.050126269459724426,0.4932427406311035,0.487648606300354,-0.06648293882608414,0.6476917862892151,0.3940834403038025,-0.0018249721033498645,0.540522038936615,0.33803290128707886,-0.034240372478961945,0.4964207112789154,0.3984465003013611,-0.054358355700969696,0.4899004101753235,0.4611320197582245,-0.06283660233020782,0.6652011871337891,0.37483301758766174,-0.02518039382994175,0.5559455156326294,0.32455509901046753,-0.05763431265950203,0.506077766418457,0.3927784860134125,-0.06885881721973419,0.49678516387939453,0.4570866525173187,-0.06936732679605484,0.6836693286895752,0.3758455216884613,-0.05031493678689003,0.5858650803565979,0.3456799387931824,-0.07359961420297623,0.5350842475891113,0.3890991806983948,-0.07778787612915039,0.5155925750732422,0.4398038983345032,-0.07618753612041473,o
0.8156718015670776,0.6147775650024414,-7.756029845040757e-07,0.7194780111312866,0.618461012840271,-0.010587277822196484,0.6366131901741028,0.5943446159362793,-0.02553853951394558,0.5739036202430725,0.5691971778869629,-0.04785202443599701,0.5309770703315735,0.5273778438568115,-0.0686131939291954,0.6422926187515259,0.43537992238998413,0.0138245252892375,0.5748141407966614,0.39641332626342773,-0.026053432375192642,0.5305235385894775,0.43770331144332886,-0.05988621339201927,0.5080746412277222,0.4869953393936157,-0.07877591997385025,0.6573275923728943,0.40204447507858276,-0.0020232826936990023,0.5656363368034363,0.3398103713989258,-0.03762458264827728,0.5202150344848633,0.3927149474620819,-0.06068586930632591,0.5045610070228577,0.4513372480869293,-0.07140841335058212,0.6787849068641663,0.3855428099632263,-0.024997562170028687,0.5843786001205444,0.327847957611084,-0.05861610919237137,0.5320599675178528,0.3871603012084961,-0.07156356424093246,0.5121593475341797,0.44952479004859924,-0.07372280210256577,0.7043612599372864,0.3880925476551056,-0.05019594356417656,0.6171792149543762,0.35909220576286316,-0.07208213210105896,0.5690052509307861,0.3950141966342926,-0.07778286188840866,0.5453961491584778,0.4386935532093048,-0.07802015542984009,o
0.8205656409263611,0.5875790119171143,-6.996193064878753e-07,0.7167357206344604,0.5948308110237122,-0.007016540504992008,0.6327521800994873,0.565363883972168,-0.016253340989351273,0.5702407360076904,0.5396565198898315,-0.0352122001349926,0.5269882082939148,0.49673527479171753,-0.05138891190290451,0.634384036064148,0.4144859313964844,0.03170105442404747,0.5722869038581848,0.358102411031723,-0.0050852480344474316,0.5335323810577393,0.4050624966621399,-0.036162421107292175,0.5204924941062927,0.46112120151519775,-0.0528162382543087,0.6552857160568237,0.382933646440506,0.01355472020804882,0.5712089538574219,0.31039753556251526,-0.022276338189840317,0.5284460783004761,0.3698428273200989,-0.047225482761859894,0.5213334560394287,0.4325205385684967,-0.05738029628992081,0.6808516979217529,0.3657125234603882,-0.012829079292714596,0.5937270522117615,0.3039151132106781,-0.047439683228731155,0.5441062450408936,0.37221288681030273,-0.06315108388662338,0.5337011814117432,0.4396551847457886,-0.06512763351202011,0.707561194896698,0.3674565553665161,-0.041322484612464905,0.6239359378814697,0.3278346061706543,-0.06412740051746368,0.5727576613426208,0.3698711395263672,-0.07121434062719345,0.5522729754447937,0.4220428466796875,-0.0714602917432785,o
0.8161937594413757,0.5687224268913269,-7.08140703409299e-07,0.7147034406661987,0.5707521438598633,-0.0017105076694861054,0.6314854025840759,0.5428097248077393,-0.008496919646859169,0.5692135095596313,0.5186899304389954,-0.026309775188565254,0.521941602230072,0.47706088423728943,-0.041908908635377884,0.6200969219207764,0.4142482876777649,0.04618437960743904,0.5581994652748108,0.3591777980327606,0.010625477880239487,0.523443877696991,0.4013354182243347,-0.022989995777606964,0.5149286985397339,0.45111554861068726,-0.04156837239861488,0.6401267647743225,0.38252007961273193,0.026460284367203712,0.5590393543243408,0.31316331028938293,-0.009152306243777275,0.5224763751029968,0.3683393895626068,-0.03917164355516434,0.5172981023788452,0.4265270233154297,-0.05367397516965866,0.6665655970573425,0.3596104681491852,-0.0015920518198981881,0.5828526616096497,0.2894956171512604,-0.034500602632761,0.537202000617981,0.34828251600265503,-0.05391121283173561,0.5272228717803955,0.4134107828140259,-0.05964012071490288,0.6982464790344238,0.3473584055900574,-0.03129955381155014,0.6164107322692871,0.3070751428604126,-0.05298006907105446,0.5647828578948975,0.3444612920284271,-0.062368422746658325,0.5407010912895203,0.39429524540901184,-0.06531023234128952,o
0.8173366785049438,0.5922648310661316,-7.786279638821725e-07,0.7132406830787659,0.6086735725402832,-0.008614132180809975,0.6279217004776001,0.5940996408462524,-0.021384207531809807,0.5644261240959167,0.5753204822540283,-0.04264408349990845,0.5251133441925049,0.5342268943786621,-0.06265994906425476,0.631287157535553,0.43810755014419556,0.02215450257062912,0.5616574883460999,0.40797024965286255,-0.0162340197712183,0.5230085849761963,0.45185667276382446,-0.050587914884090424,0.5060547590255737,0.5001647472381592,-0.07062038779258728,0.6477108597755432,0.4016185998916626,0.004635837394744158,0.5517027378082275,0.3541152775287628,-0.03100297413766384,0.511093258857727,0.41880813241004944,-0.05727310851216316,0.5032716989517212,0.47837239503860474,-0.07042312622070312,0.6685343384742737,0.38273677229881287,-0.020213240757584572,0.5709706544876099,0.33592793345451355,-0.05481608584523201,0.524186372756958,0.40631192922592163,-0.0700286328792572,0.5140784978866577,0.47149771451950073,-0.07311508804559708,0.6921026706695557,0.38518863916397095,-0.04716150462627411,0.6049373745918274,0.36072370409965515,-0.07054466009140015,0.5579363107681274,0.4027249217033386,-0.07723937183618546,0.5401681661605835,0.45114150643348694,-0.0779029056429863,o
0.8070628643035889,0.5991309881210327,-7.08812081029464e-07,0.7151139974594116,0.6162185668945312,-0.012798929587006569,0.6310700178146362,0.6057671904563904,-0.025006253272294998,0.566811203956604,0.5854960083961487,-0.04439428076148033,0.5258883237838745,0.5419197082519531,-0.06241020932793617,0.6239147186279297,0.4710920453071594,0.01717076450586319,0.557386577129364,0.44134724140167236,-0.020861422643065453,0.5199745893478394,0.4811462461948395,-0.05193538963794708,0.5063236355781555,0.5219390392303467,-0.0689055323600769,0.6380806565284729,0.4304105043411255,0.003163713263347745,0.5471464991569519,0.3726891875267029,-0.03365162014961243,0.5081721544265747,0.43463242053985596,-0.05621245875954628,0.5038906335830688,0.49405092000961304,-0.06445597857236862,0.6597941517829895,0.40519893169403076,-0.018301039934158325,0.5671014785766602,0.3513636291027069,-0.05530324950814247,0.5230166912078857,0.4229259192943573,-0.06830944120883942,0.5170734524726868,0.4861025810241699,-0.06744851917028427,0.687129557132721,0.39552390575408936,-0.041806843131780624,0.6005945801734924,0.3654024004936218,-0.066771499812603,0.5531354546546936,0.4103333353996277,-0.07251700758934021,0.5365943908691406,0.46074506640434265,-0.07093747705221176,o
0.8093549609184265,0.6088629364967346,-7.743905143797747e-07,0.7120047211647034,0.6275372505187988,-0.011555712670087814,0.6243920922279358,0.6145896315574646,-0.0256863571703434,0.5604528188705444,0.5922921895980835,-0.047344621270895004,0.5224898457527161,0.5448699593544006,-0.06725767254829407,0.6270433068275452,0.4693988263607025,0.014505471102893353,0.5587388873100281,0.42585572600364685,-0.025269445031881332,0.5177221298217773,0.4696585237979889,-0.057505831122398376,0.49879390001296997,0.5186700820922852,-0.07539161294698715,0.6417128443717957,0.433462917804718,-0.0010169303277507424,0.5496002435684204,0.37206169962882996,-0.03849123790860176,0.5063173770904541,0.433479905128479,-0.06282822787761688,0.4938630163669586,0.49430057406425476,-0.0737358033657074,0.6607905626296997,0.41140708327293396,-0.023799294605851173,0.5661623477935791,0.3600669503211975,-0.06000823900103569,0.5197656154632568,0.43095096945762634,-0.07512662559747696,0.5058908462524414,0.49695074558258057,-0.07773029804229736,0.6846239566802979,0.4057072103023529,-0.04852727800607681,0.5958561897277832,0.38552796840667725,-0.07281211763620377,0.5516558289527893,0.43256351351737976,-0.0799957737326622,0.5333662629127502,0.4824751913547516,-0.08088518679141998,o
0.7978664636611938,0.5940815210342407,-7.366805334640958e-07,0.7053049206733704,0.6194926500320435,-0.009242020547389984,0.618316113948822,0.6113563776016235,-0.020412897691130638,0.5551115870475769,0.5947474241256714,-0.039565298706293106,0.5173668265342712,0.552147626876831,-0.05786658078432083,0.6174854636192322,0.47590935230255127,0.017576497048139572,0.5454578995704651,0.44170036911964417,-0.019442014396190643,0.5070527791976929,0.48200106620788574,-0.04965841397643089,0.4931442439556122,0.5259484052658081,-0.06623189151287079,0.6308428645133972,0.43657785654067993,0.0011562241706997156,0.5358038544654846,0.3812163472175598,-0.034962814301252365,0.4954602122306824,0.4424664378166199,-0.060314763337373734,0.48945295810699463,0.5010853409767151,-0.0715298131108284,0.6506064534187317,0.41088929772377014,-0.022037766873836517,0.554244875907898,0.36091896891593933,-0.05900457501411438,0.508849561214447,0.43311789631843567,-0.07655691355466843,0.5012266635894775,0.4972136318683624,-0.07965023815631866,0.6756892204284668,0.40029942989349365,-0.04658980667591095,0.585364580154419,0.37135905027389526,-0.07207375019788742,0.5395057201385498,0.41729170083999634,-0.07982034236192703,0.5247206091880798,0.46867823600769043,-0.08040256798267365,o
0.8128501176834106,0.5997611284255981,-7.511547437388799e-07,0.7169947028160095,0.6189718246459961,-0.008982326835393906,0.6288873553276062,0.6089857816696167,-0.02178925834596157,0.5633578300476074,0.5900006294250488,-0.04305035620927811,0.5228279232978821,0.5443187355995178,-0.0630597323179245,0.6259524822235107,0.47549593448638916,0.017627010121941566,0.5552451610565186,0.4311017096042633,-0.02180427685379982,0.5152777433395386,0.47295352816581726,-0.05347004160284996,0.49945396184921265,0.5165708661079407,-0.07103218138217926,0.6397534012794495,0.43812134861946106,0.0002083475119434297,0.5443167090415955,0.3707967698574066,-0.03849034011363983,0.504085898399353,0.43428394198417664,-0.06362569332122803,0.4984768033027649,0.49246859550476074,-0.07423195987939835,0.6599326729774475,0.4136466085910797,-0.024273419752717018,0.5635952949523926,0.3560097813606262,-0.06173059716820717,0.5197804570198059,0.4270775318145752,-0.07717861235141754,0.5131103992462158,0.4903150200843811,-0.07900920510292053,0.686729907989502,0.40392589569091797,-0.05038818344473839,0.5970243811607361,0.37226784229278564,-0.07477330416440964,0.5537108182907104,0.41837596893310547,-0.08099265396595001,0.5410149693489075,0.4686070382595062,-0.08093217760324478,o
0.809304416179657,0.5988072156906128,-7.691111818530771e-07,0.7128891348838806,0.6146363019943237,-0.010310349054634571,0.6280299425125122,0.602403461933136,-0.025918513536453247,0.564753532409668,0.5837656855583191,-0.04938242584466934,0.5204532742500305,0.5422724485397339,-0.07189594954252243,0.6214972734451294,0.46656420826911926,0.013574901036918163,0.5540746450424194,0.42795008420944214,-0.02714359201490879,0.5149604678153992,0.4705654978752136,-0.06212608143687248,0.5004986524581909,0.512260913848877,-0.08271491527557373,0.6385758519172668,0.42776718735694885,-0.0038933013565838337,0.5478208661079407,0.3664921522140503,-0.04300627112388611,0.5067583322525024,0.4266837239265442,-0.07127939164638519,0.49840277433395386,0.48193153738975525,-0.08611183613538742,0.6611046195030212,0.4032347798347473,-0.02825668267905712,0.5705522894859314,0.342936635017395,-0.06472577899694443,0.5219074487686157,0.4078616797924042,-0.08283092826604843,0.5096872448921204,0.4705962538719177,-0.08882112801074982,0.6893571019172668,0.39380860328674316,-0.05430273339152336,0.6012319326400757,0.3665943741798401,-0.0787140354514122,0.5530569553375244,0.4060525894165039,-0.08781886100769043,0.5339279174804688,0.4502723515033722,-0.09114542603492737,o
0.7911384105682373,0.6339821815490723,-6.872446078887151e-07,0.7003234624862671,0.6554991602897644,-0.0040734997019171715,0.6154962182044983,0.6293237209320068,-0.01096317358314991,0.5576316714286804,0.6084607243537903,-0.026019738987088203,0.5221467614173889,0.5678884983062744,-0.03753720968961716,0.6064507365226746,0.47633764147758484,0.02458256669342518,0.5367951393127441,0.423629492521286,-0.00852578692138195,0.49877774715423584,0.475577712059021,-0.035076480358839035,0.4926547408103943,0.5307835340499878,-0.04924074187874794,0.6251720190048218,0.4478065073490143,0.007500112988054752,0.5347981452941895,0.39349210262298584,-0.023386934772133827,0.49441343545913696,0.4618421494960785,-0.043761078268289566,0.4930901825428009,0.5211598873138428,-0.05213397368788719,0.6491994261741638,0.4340271055698395,-0.016363926231861115,0.5580484867095947,0.3891054391860962,-0.043543197214603424,0.5134288668632507,0.45995402336120605,-0.05514850094914436,0.508673906326294,0.5224988460540771,-0.057254280894994736,0.6756643056869507,0.43867987394332886,-0.0421980619430542,0.5928858518600464,0.42152172327041626,-0.061476949602365494,0.5431132316589355,0.4649902582168579,-0.06873312592506409,0.5244686007499695,0.5102802515029907,-0.07025868445634842,o
0.7944861650466919,0.6389846801757812,-7.052069577184739e-07,0.7020875215530396,0.662921667098999,-0.005884617101401091,0.6228271126747131,0.6393756866455078,-0.015012701973319054,0.5629446506500244,0.622300386428833,-0.03300764784216881,0.5201246738433838,0.5844362378120422,-0.048324208706617355,0.600337564945221,0.4898390769958496,0.02715475484728813,0.5298768877983093,0.4396612346172333,-0.008236018009483814,0.4915449023246765,0.48795056343078613,-0.037883833050727844,0.4849950671195984,0.539951741695404,-0.054205238819122314,0.6185435056686401,0.45681092143058777,0.009402315132319927,0.5278765559196472,0.4027291536331177,-0.023448528721928596,0.4885074198246002,0.46940964460372925,-0.04717182368040085,0.48785632848739624,0.5272184014320374,-0.05805828422307968,0.6426225304603577,0.43792203068733215,-0.015722323209047318,0.5513684749603271,0.3856341242790222,-0.046380117535591125,0.5051490664482117,0.4561765193939209,-0.06110651046037674,0.5002414584159851,0.5194635987281799,-0.06480662524700165,0.6705509424209595,0.4373207688331604,-0.04282742738723755,0.5856097936630249,0.4180826246738434,-0.06458810716867447,0.5374752879142761,0.4639333486557007,-0.0727788433432579,0.5227779150009155,0.5125666856765747,-0.07471030205488205,o
0.8033559918403625,0.6401392221450806,-6.915046810718195e-07,0.7062498927116394,0.6582120060920715,-0.011183669790625572,0.6248160600662231,0.6364874839782715,-0.02404254674911499,0.5635873675346375,0.6166498064994812,-0.0443127378821373,0.5218052268028259,0.5745801329612732,-0.0608658567070961,0.6128759384155273,0.4808887839317322,0.01804131083190441,0.539648175239563,0.4269208014011383,-0.019242987036705017,0.5011709928512573,0.4787927567958832,-0.0492108054459095,0.4973085820674896,0.5327156186103821,-0.06583648920059204,0.6307774782180786,0.45131364464759827,0.0031720739789307117,0.5367845296859741,0.39888301491737366,-0.030890226364135742,0.49685728549957275,0.4685334265232086,-0.05337125062942505,0.4975054860115051,0.525103747844696,-0.0640273317694664,0.6536564826965332,0.4363669157028198,-0.019303450360894203,0.5594135522842407,0.3849271833896637,-0.05093077942728996,0.5136867165565491,0.4563698470592499,-0.06325339525938034,0.5106662511825562,0.51861971616745,-0.0658763200044632,0.6795652508735657,0.44106602668762207,-0.044202569872140884,0.5947810411453247,0.4228667914867401,-0.06645116209983826,0.5488505363464355,0.4693925082683563,-0.0736524909734726,0.53740394115448,0.5173088312149048,-0.07518220692873001,o
0.8068878054618835,0.6408451795578003,-6.766210844943998e-07,0.7134185433387756,0.6646549701690674,-0.00517610739916563,0.6294921636581421,0.6398689150810242,-0.011668434366583824,0.5699635148048401,0.616367518901825,-0.026453988626599312,0.5246950387954712,0.579230785369873,-0.037807103246450424,0.6121947169303894,0.49552616477012634,0.02543935738503933,0.5442591309547424,0.4371107518672943,-0.007399336434900761,0.5090682506561279,0.4862920045852661,-0.03373008593916893,0.5077880024909973,0.5370802283287048,-0.048074737191200256,0.6303985714912415,0.46335968375205994,0.00893988087773323,0.5438388586044312,0.4045606255531311,-0.021256860345602036,0.5044360160827637,0.4674878418445587,-0.040737584233284,0.5049312114715576,0.5206670761108398,-0.04930172488093376,0.6548370718955994,0.44464701414108276,-0.014770912006497383,0.5671498775482178,0.39115601778030396,-0.04306110367178917,0.5235263109207153,0.4588574767112732,-0.05414370819926262,0.5209473371505737,0.5182819962501526,-0.05610358342528343,0.6846976280212402,0.4432733654975891,-0.04058640077710152,0.6035188436508179,0.42435577511787415,-0.061039578169584274,0.5543572306632996,0.46927791833877563,-0.06837804615497589,0.5377927422523499,0.5154430866241455,-0.07015126198530197,o
0.8125705718994141,0.6554663181304932,-7.146310281314072e-07,0.7191194891929626,0.6753655076026917,-0.011480332352221012,0.6346802115440369,0.6529300808906555,-0.023311275988817215,0.5728729367256165,0.6312498450279236,-0.04280196875333786,0.5304814577102661,0.5886974930763245,-0.05911998078227043,0.6122661828994751,0.5030896663665771,0.020684335380792618,0.5458115339279175,0.44946834444999695,-0.016148308292031288,0.5100426077842712,0.499788761138916,-0.04741173982620239,0.5025457143783569,0.5533769130706787,-0.0652487725019455,0.6302858591079712,0.4701443910598755,0.005693556275218725,0.5446891188621521,0.4163435399532318,-0.028568262234330177,0.5059831142425537,0.4795360565185547,-0.0534905306994915,0.5004080533981323,0.5375963449478149,-0.06584322452545166,0.6546871662139893,0.44954368472099304,-0.017045509070158005,0.5676519274711609,0.4041222631931305,-0.04870632290840149,0.5240573883056641,0.4719642400741577,-0.06452302634716034,0.514836311340332,0.5358132719993591,-0.06982219219207764,0.6859164237976074,0.44500792026519775,-0.0422440730035305,0.6053640842437744,0.4315098226070404,-0.06413561850786209,0.5603635311126709,0.4769151210784912,-0.07282912731170654,0.5424527525901794,0.5256978273391724,-0.07596796005964279,o
0.8150938749313354,0.6586689352989197,-7.422775638588064e-07,0.7220281362533569,0.6779354810714722,-0.012085767462849617,0.6387509703636169,0.6536626219749451,-0.024748308584094048,0.5757663249969482,0.6339045166969299,-0.04477563127875328,0.5318598747253418,0.5928128957748413,-0.06138814985752106,0.6192228198051453,0.49270564317703247,0.017160829156637192,0.5506938695907593,0.4383338987827301,-0.020432880148291588,0.5122706890106201,0.4932432174682617,-0.05131509155035019,0.5028656125068665,0.5498267412185669,-0.06879588216543198,0.6367437839508057,0.464219868183136,0.002774871187284589,0.548717737197876,0.41490474343299866,-0.03161277621984482,0.5082988142967224,0.4819560647010803,-0.055075161159038544,0.5017626285552979,0.5392807722091675,-0.06654322892427444,0.6608455181121826,0.4492851197719574,-0.019239915534853935,0.5703529715538025,0.41012364625930786,-0.05203329026699066,0.5253725647926331,0.4814240038394928,-0.06588993966579437,0.5155936479568481,0.544621467590332,-0.06940789520740509,0.6910830736160278,0.45178067684173584,-0.043702125549316406,0.608543336391449,0.437748521566391,-0.06681907922029495,0.5626521110534668,0.48360806703567505,-0.07454080134630203,0.5448209643363953,0.5324546694755554,-0.07638067752122879,o
0.8206250071525574,0.6558586955070496,-7.274297217918502e-07,0.7212793231010437,0.6700950860977173,-0.012296823784708977,0.6375687122344971,0.647452712059021,-0.026406103745102882,0.5745908617973328,0.6272928714752197,-0.048382796347141266,0.5288181304931641,0.586062490940094,-0.06739702075719833,0.6178460121154785,0.4948715567588806,0.01762200891971588,0.5469502210617065,0.4426107108592987,-0.02133980393409729,0.5112889409065247,0.4976328909397125,-0.0541917160153389,0.5051048994064331,0.5546125173568726,-0.07295294851064682,0.6368113160133362,0.46315231919288635,0.0022616670466959476,0.5456764101982117,0.40936246514320374,-0.03388309106230736,0.5069157481193542,0.476748526096344,-0.05985214188694954,0.5025370717048645,0.5362465381622314,-0.07311569154262543,0.662084698677063,0.4440540373325348,-0.020830601453781128,0.5698227286338806,0.39411765336990356,-0.05446566268801689,0.5252861976623535,0.46538880467414856,-0.07046951353549957,0.5175715088844299,0.5315744876861572,-0.07569455355405807,0.6933177709579468,0.4418816566467285,-0.046347491443157196,0.6098999381065369,0.4221237003803253,-0.06970098614692688,0.5632153749465942,0.46936801075935364,-0.07838696986436844,0.545875072479248,0.5214738249778748,-0.08137519657611847,o
0.8149248361587524,0.6499621868133545,-7.915872970443161e-07,0.71636962890625,0.6700639724731445,-0.012510965578258038,0.6331862807273865,0.6467814445495605,-0.026997094973921776,0.5706509351730347,0.6286112070083618,-0.04867302626371384,0.5268944501876831,0.5861444473266602,-0.06695737689733505,0.6200594902038574,0.47417107224464417,0.012968904338777065,0.5428581833839417,0.4246579110622406,-0.02590904012322426,0.5037193894386292,0.4863239526748657,-0.057783711701631546,0.49638330936431885,0.5465500354766846,-0.07604500651359558,0.6387113332748413,0.44865700602531433,-0.002337633166462183,0.5413245558738708,0.40229493379592896,-0.03795201703906059,0.4991905093193054,0.47837215662002563,-0.06286656111478806,0.49495983123779297,0.5402982234954834,-0.07569094747304916,0.6618951559066772,0.4394857883453369,-0.024950401857495308,0.5655297040939331,0.39636555314064026,-0.05786918103694916,0.5163426399230957,0.47264835238456726,-0.07297994941473007,0.5066823363304138,0.5391187071800232,-0.07786642014980316,0.6884210705757141,0.45029765367507935,-0.04989742115139961,0.6016532778739929,0.4327268898487091,-0.07349982857704163,0.5516083836555481,0.4807645380496979,-0.08222871273756027,0.5328943133354187,0.5312493443489075,-0.0849824771285057,o
0.8159756660461426,0.6541240215301514,-7.180251486715861e-07,0.7142483592033386,0.6747094392776489,-0.005033588502556086,0.6311932802200317,0.6480010747909546,-0.013862005434930325,0.5698201060295105,0.6245481371879578,-0.0318383164703846,0.5255175232887268,0.5872900485992432,-0.04698822274804115,0.6142657399177551,0.4920344352722168,0.025683864951133728,0.5410436391830444,0.438383013010025,-0.00844632089138031,0.504250705242157,0.492306649684906,-0.03687683120369911,0.4983205795288086,0.5489605665206909,-0.052992790937423706,0.6322778463363647,0.46332019567489624,0.006999145727604628,0.539921224117279,0.4085705578327179,-0.02363131009042263,0.5002729892730713,0.4760726988315582,-0.04491640627384186,0.49819496273994446,0.5340461730957031,-0.055348265916109085,0.6554287672042847,0.4476729929447174,-0.019054872915148735,0.5611234903335571,0.39693403244018555,-0.04912671446800232,0.5136423110961914,0.4705187678337097,-0.06237480044364929,0.5071660280227661,0.5353936553001404,-0.06597977131605148,0.681649386882782,0.45103833079338074,-0.04713638126850128,0.5937210917472839,0.4316976070404053,-0.06880632787942886,0.5468314290046692,0.4834901690483093,-0.07583199441432953,0.5342501997947693,0.5374965667724609,-0.07754381000995636,o
0.8173313140869141,0.657895565032959,-7.415586651404737e-07,0.7176672220230103,0.6774920225143433,-0.008498535491526127,0.6348903775215149,0.6520965099334717,-0.019983677193522453,0.5718522071838379,0.6299881935119629,-0.039832986891269684,0.526293933391571,0.5867249965667725,-0.05639469251036644,0.6167407035827637,0.4915693402290344,0.02178269252181053,0.5445319414138794,0.437584787607193,-0.01288088783621788,0.5073000192642212,0.4915711283683777,-0.04139566421508789,0.5002437829971313,0.5466592311859131,-0.057756513357162476,0.6339660882949829,0.46210581064224243,0.004856254905462265,0.5424947142601013,0.4061848223209381,-0.026187704876065254,0.5022149682044983,0.47309452295303345,-0.04727651923894882,0.4986763596534729,0.5303791761398315,-0.05781732127070427,0.6579214334487915,0.44712573289871216,-0.019526654854416847,0.5649069547653198,0.39987024664878845,-0.049975957721471786,0.5180660486221313,0.47172534465789795,-0.0628134086728096,0.5105390548706055,0.534733772277832,-0.06643599271774292,0.6868137121200562,0.45068123936653137,-0.04621107503771782,0.6017605662345886,0.4315023422241211,-0.06788143515586853,0.5536757111549377,0.48020169138908386,-0.07507006824016571,0.537415087223053,0.5310798287391663,-0.07723019272089005,o
0.8366067409515381,0.6566147208213806,-7.67993924455368e-07,0.7358962297439575,0.6667699813842773,-0.009152275510132313,0.652556836605072,0.6483179926872253,-0.023435892537236214,0.588707447052002,0.6276699304580688,-0.04635467007756233,0.5405088663101196,0.5866828560829163,-0.06660444289445877,0.6404581069946289,0.490822970867157,0.01797410659492016,0.5707322955131531,0.4357281029224396,-0.02101709693670273,0.5333223342895508,0.48979127407073975,-0.05275574326515198,0.5219975709915161,0.5458095073699951,-0.07055612653493881,0.6574272513389587,0.4618893265724182,0.0010668206959962845,0.566461443901062,0.40452641248703003,-0.035671334713697433,0.526773989200592,0.47011250257492065,-0.06032717227935791,0.5175648927688599,0.5287501811981201,-0.07229092717170715,0.67991042137146,0.4452950358390808,-0.023154160007834435,0.5864437222480774,0.39810025691986084,-0.05858459696173668,0.5435144901275635,0.47078368067741394,-0.0727367252111435,0.5328096151351929,0.5373370051383972,-0.07564924657344818,0.7075074911117554,0.44579556584358215,-0.04938428848981857,0.6215404868125916,0.42821770906448364,-0.07284777611494064,0.5763365030288696,0.4738554060459137,-0.07996129989624023,0.5567640662193298,0.5228879451751709,-0.08135443925857544,o
0.8360140919685364,0.6568710803985596,-7.469586762454128e-07,0.7347678542137146,0.6716769933700562,-0.006194625049829483,0.6524246335029602,0.649111270904541,-0.01797264628112316,0.5902528166770935,0.6307520866394043,-0.03879542648792267,0.5425711870193481,0.5922859907150269,-0.057189133018255234,0.6451255083084106,0.49276497960090637,0.02137698605656624,0.5736321806907654,0.4438374638557434,-0.01559444423764944,0.5366650819778442,0.49906980991363525,-0.045939862728118896,0.5248671174049377,0.5560264587402344,-0.06281200051307678,0.6612138748168945,0.4640974700450897,0.003245921805500984,0.5668812394142151,0.4089830219745636,-0.030661430209875107,0.5266392230987549,0.47573745250701904,-0.05355020612478256,0.5191322565078735,0.535978376865387,-0.06462591141462326,0.6832959651947021,0.4498388469219208,-0.02200966328382492,0.5853850841522217,0.40598753094673157,-0.05564514175057411,0.5404559373855591,0.4820774793624878,-0.06905101984739304,0.5313654541969299,0.5499804019927979,-0.0716354176402092,0.7091619968414307,0.45374712347984314,-0.0491265170276165,0.6227551102638245,0.43437546491622925,-0.07196816802024841,0.5758270025253296,0.48278066515922546,-0.07852821052074432,0.5567750334739685,0.5344998240470886,-0.0796041414141655,o
0.8330137729644775,0.6612423658370972,-8.361391792277573e-07,0.7285013794898987,0.6714979410171509,-0.007549724541604519,0.6465621590614319,0.6482210755348206,-0.022689566016197205,0.5836717486381531,0.6259533166885376,-0.04666832834482193,0.5368933081626892,0.5863333940505981,-0.06807208806276321,0.6430658102035522,0.482827365398407,0.014790446497499943,0.566683828830719,0.42723020911216736,-0.024401651695370674,0.5283188223838806,0.48464876413345337,-0.05541728064417839,0.5184290409088135,0.5415605306625366,-0.07270646840333939,0.6629141569137573,0.4556227922439575,-0.0030368645675480366,0.5636341571807861,0.39725616574287415,-0.04083727300167084,0.5239646434783936,0.47126659750938416,-0.06477481126785278,0.5178796052932739,0.5337019562721252,-0.07578853517770767,0.686408519744873,0.44434669613838196,-0.027599284425377846,0.5853306651115417,0.40119150280952454,-0.063611701130867,0.5405474901199341,0.4824203848838806,-0.07624448090791702,0.5304769277572632,0.5529327392578125,-0.07792682200670242,0.7116422057151794,0.45373889803886414,-0.05387375131249428,0.6223281025886536,0.4407752454280853,-0.07745445519685745,0.5729842782020569,0.48827239871025085,-0.08418304473161697,0.5497583150863647,0.5360154509544373,-0.08527137339115143,o
