0.9215822815895081,0.8450409173965454,1.373434486140468e-07,0.8397701382637024,0.8152916431427002,-0.05658924579620361,0.7760298848152161,0.7337895035743713,-0.0778607502579689,0.7741959095001221,0.6188579797744751,-0.09814262390136719,0.804857611656189,0.5242543816566467,-0.11384635418653488,0.746847927570343,0.5842089056968689,-0.006355683784931898,0.7223069667816162,0.44273853302001953,-0.029610661789774895,0.707647442817688,0.35553014278411865,-0.046674929559230804,0.6991890668869019,0.2773539125919342,-0.060073934495449066,0.7973843216896057,0.5459533929824829,0.00010290501086274162,0.7335971593856812,0.4110616445541382,-0.025721397250890732,0.6959221363067627,0.3389322757720947,-0.03991511091589928,0.667992353439331,0.2799922823905945,-0.045610081404447556,0.8536028861999512,0.5378096103668213,-0.004192419815808535,0.8209286332130432,0.42511677742004395,-0.057403746992349625,0.8284426927566528,0.5134536623954773,-0.06880493462085724,0.8372712731361389,0.587641179561615,-0.060219407081604004,0.9126635193824768,0.545771062374115,-0.013446945697069168,0.881725013256073,0.455100417137146,-0.06278759241104126,0.8657945990562439,0.5122086405754089,-0.07318075001239777,0.8577764630317688,0.5751242637634277,-0.06929364055395126,r
0.9282710552215576,0.8626955151557922,1.949707808535095e-07,0.8489091992378235,0.8298540115356445,-0.05645081773400307,0.7812606692314148,0.7355220913887024,-0.07685066759586334,0.7760796546936035,0.615446150302887,-0.09735014289617538,0.8115482330322266,0.5161975026130676,-0.11329115927219391,0.7500098943710327,0.5899422764778137,0.0032740517053753138,0.7290078401565552,0.44163551926612854,-0.015047493390738964,0.718010425567627,0.3541325330734253,-0.027538985013961792,0.7160217761993408,0.2724531590938568,-0.03782852366566658,0.8036410808563232,0.552041232585907,0.010085996240377426,0.7378329634666443,0.4108790159225464,-0.010589007288217545,0.6998570561408997,0.3354814052581787,-0.020331012085080147,0.6731505393981934,0.2772030234336853,-0.022924285382032394,0.8607611656188965,0.5443371534347534,0.004886543843895197,0.8260210752487183,0.42725545167922974,-0.04660986363887787,0.8314887285232544,0.5229880213737488,-0.06051715463399887,0.8413539528846741,0.6042466163635254,-0.05352648347616196,0.9221346378326416,0.5480124354362488,-0.005343451164662838,0.8918305039405823,0.4548403024673462,-0.05397413671016693,0.8718361258506775,0.5106871128082275,-0.06847584992647171,0.8607329726219177,0.5746579170227051,-0.0681876540184021,r
0.9289162158966064,0.87394118309021,2.0012356571896817e-07,0.8464751243591309,0.8332087993621826,-0.06098369508981705,0.7814693450927734,0.74068284034729,-0.08248221129179001,0.7762483954429626,0.6203525066375732,-0.10410850495100021,0.8109104633331299,0.5178470015525818,-0.12027208507061005,0.7493822574615479,0.5873128175735474,0.0060076601803302765,0.72594153881073,0.4427638053894043,-0.016283776611089706,0.7142132520675659,0.35587072372436523,-0.03316401317715645,0.7117043137550354,0.27325239777565,-0.046653978526592255,0.8033422827720642,0.5509485006332397,0.013943053781986237,0.7361860275268555,0.4124439060688019,-0.012149627320468426,0.6984500288963318,0.33780497312545776,-0.026554806157946587,0.6735862493515015,0.27926841378211975,-0.032402779906988144,0.8601222038269043,0.5450526475906372,0.008818333968520164,0.8235384225845337,0.42749685049057007,-0.048116542398929596,0.825652003288269,0.519696056842804,-0.06372524797916412,0.834909200668335,0.6009765863418579,-0.05680776387453079,0.9210193753242493,0.5501568913459778,-0.0019397410796955228,0.8903845548629761,0.4593197703361511,-0.053734272718429565,0.8705214858055115,0.5105130672454834,-0.06944749504327774,0.8612357974052429,0.5732573866844177,-0.0693705603480339,r
0.9310745000839233,0.8848803043365479,1.1334278582353363e-07,0.8483515381813049,0.8398169279098511,-0.0590105801820755,0.7787453532218933,0.7502346634864807,-0.07836662232875824,0.7746003866195679,0.6272146701812744,-0.09718694537878036,0.8071625232696533,0.5255700349807739,-0.11070196330547333,0.7473026514053345,0.5972150564193726,0.006988541688770056,0.714443564414978,0.45253634452819824,-0.01207566075026989,0.6975504159927368,0.3700171113014221,-0.026731878519058228,0.6910465955734253,0.2905578017234802,-0.038922931998968124,0.8012900948524475,0.560751736164093,0.015400129370391369,0.7342759370803833,0.4175746738910675,-0.007121539209038019,0.6988940834999084,0.34343427419662476,-0.019975783303380013,0.6765548586845398,0.28349804878234863,-0.025715665891766548,0.8581013083457947,0.553251326084137,0.011141493916511536,0.8204046487808228,0.43483656644821167,-0.04253125190734863,0.8218709826469421,0.5309666991233826,-0.05736345797777176,0.8298959136009216,0.6121858954429626,-0.05124635621905327,0.9202448129653931,0.5576502680778503,0.0015193929430097342,0.8854529857635498,0.4664720892906189,-0.04987262934446335,0.8631076812744141,0.5233260989189148,-0.06538396328687668,0.8527350425720215,0.5874159932136536,-0.06571635603904724,r
0.9240437150001526,0.8803452253341675,1.04657743804637e-07,0.8400918245315552,0.8294192552566528,-0.05778580904006958,0.7706067562103271,0.7414567470550537,-0.07933171093463898,0.7641949653625488,0.6158010363578796,-0.10156077891588211,0.8044494390487671,0.5191226005554199,-0.11811922490596771,0.741811990737915,0.5855183005332947,0.007316451985388994,0.7084617018699646,0.44266682863235474,-0.01400947105139494,0.6921783685684204,0.35868313908576965,-0.030316578224301338,0.6854736804962158,0.28131920099258423,-0.0436115525662899,0.7957465052604675,0.5504432916641235,0.014579612761735916,0.7312203645706177,0.40964198112487793,-0.0104963518679142,0.6966376304626465,0.3377360701560974,-0.024748442694544792,0.6740763187408447,0.27784624695777893,-0.03164104372262955,0.8537776470184326,0.544384777545929,0.00939117930829525,0.8165877461433411,0.4281197190284729,-0.04360077902674675,0.816811740398407,0.5211322903633118,-0.05645200237631798,0.8236055970191956,0.6010006070137024,-0.04964977502822876,0.9170452952384949,0.5510480403900146,-0.0013560873921960592,0.8803097009658813,0.46623843908309937,-0.049313969910144806,0.8551374673843384,0.517822802066803,-0.06288524717092514,0.8421145081520081,0.5783805251121521,-0.0626613050699234,r
0.9195824861526489,0.8719151020050049,6.126977325493499e-08,0.8370828628540039,0.8309821486473083,-0.04945146292448044,0.7673026323318481,0.7427839040756226,-0.06793715059757233,0.758734405040741,0.6209279298782349,-0.08767017722129822,0.7892907857894897,0.5213481187820435,-0.10263942927122116,0.7369028329849243,0.5963377952575684,0.0019359813304618,0.7062103152275085,0.4523491859436035,-0.01846383698284626,0.6901131272315979,0.3690268397331238,-0.033269211649894714,0.6838377714157104,0.2890685498714447,-0.0457189679145813,0.7884856462478638,0.5564184784889221,0.0053994907066226006,0.7195166349411011,0.41517093777656555,-0.015564016997814178,0.6801254153251648,0.3442784547805786,-0.02555285580456257,0.65336674451828,0.28570616245269775,-0.03031179867684841,0.8458890914916992,0.5479295253753662,-0.0018955603009089828,0.8064630031585693,0.42840397357940674,-0.04902888089418411,0.8094112873077393,0.5214710235595703,-0.05791672691702843,0.8177481293678284,0.6019591093063354,-0.05014936625957489,0.9078641533851624,0.555548369884491,-0.014256547205150127,0.8740928769111633,0.4638780951499939,-0.0593019500374794,0.8465535044670105,0.5088141560554504,-0.07101360708475113,0.8290309906005859,0.5661388635635376,-0.07019923627376556,r
0.9201428890228271,0.8729761838912964,5.13719449202199e-08,0.8344601988792419,0.8295732736587524,-0.05417574197053909,0.7649447917938232,0.7423804402351379,-0.07491768151521683,0.7552575469017029,0.6178768873214722,-0.09537552297115326,0.7848462462425232,0.5168915390968323,-0.11059360206127167,0.7364900708198547,0.5888763666152954,-0.0032794824801385403,0.7016080021858215,0.44777002930641174,-0.023372413590550423,0.6837015151977539,0.36442315578460693,-0.03846951574087143,0.6762697100639343,0.2847915589809418,-0.05166401341557503,0.7889145016670227,0.5476551651954651,0.0032357757445424795,0.7216652631759644,0.41173529624938965,-0.018344104290008545,0.6822554469108582,0.340650737285614,-0.030264437198638916,0.6556516885757446,0.28097227215766907,-0.036967433989048004,0.8453700542449951,0.5379740595817566,-0.0008074790239334106,0.802949070930481,0.4263746440410614,-0.04675168916583061,0.8039359450340271,0.5143269896507263,-0.056407343596220016,0.811969518661499,0.590605616569519,-0.05014768987894058,0.9069510102272034,0.5435398817062378,-0.010257633402943611,0.8677136898040771,0.4561186730861664,-0.05452248454093933,0.8434379696846008,0.5044087767601013,-0.06615570187568665,0.8317267894744873,0.5644538998603821,-0.06547181308269501,r
0.9138861894607544,0.8744354248046875,6.639256611151723e-08,0.8316587805747986,0.8258970379829407,-0.05773280933499336,0.7625544667243958,0.7417992353439331,-0.08146703243255615,0.7525729537010193,0.6208298802375793,-0.10552944988012314,0.783366858959198,0.5183563232421875,-0.12402733415365219,0.73162442445755,0.5932312607765198,-0.003998164087533951,0.6948489546775818,0.44698238372802734,-0.027064837515354156,0.6766092777252197,0.36369970440864563,-0.04347062110900879,0.6681799292564392,0.28828632831573486,-0.056472815573215485,0.7830620408058167,0.5588335990905762,0.002366682980209589,0.7169806361198425,0.41568875312805176,-0.024221450090408325,0.6809939742088318,0.34611111879348755,-0.03853447735309601,0.6571770906448364,0.2901993691921234,-0.045954398810863495,0.8394515514373779,0.5519248247146606,-0.002760197501629591,0.8013955354690552,0.4317825734615326,-0.05467803776264191,0.8019819855690002,0.5184462666511536,-0.06617105007171631,0.8088353276252747,0.5971673727035522,-0.05988999083638191,0.9013233780860901,0.557109534740448,-0.013437485322356224,0.8648571372032166,0.4659120738506317,-0.06011392921209335,0.8387678265571594,0.512714147567749,-0.0724714919924736,0.8244420289993286,0.5723432898521423,-0.07238869369029999,r
0.9113525748252869,0.8702090382575989,1.3459178660468751e-07,0.8300021886825562,0.8226985931396484,-0.059884119778871536,0.7635043859481812,0.7424248456954956,-0.08381258696317673,0.755040168762207,0.6249183416366577,-0.10725115239620209,0.7821720242500305,0.523317813873291,-0.12507610023021698,0.7308406829833984,0.5920431017875671,-0.002678073011338711,0.6940957307815552,0.44708922505378723,-0.025095783174037933,0.674485445022583,0.36695873737335205,-0.04126032069325447,0.6656372547149658,0.29254648089408875,-0.05395283177495003,0.7827804088592529,0.5565536618232727,0.005770868621766567,0.7178155183792114,0.4169189929962158,-0.01890680380165577,0.6842910051345825,0.3462825417518616,-0.03288860246539116,0.662589967250824,0.2862916886806488,-0.04008474946022034,0.8385881185531616,0.5501484274864197,0.002154513029381633,0.8031777739524841,0.4300217926502228,-0.050072722136974335,0.803901731967926,0.521418035030365,-0.06419368833303452,0.8096998929977417,0.6025550365447998,-0.058979582041502,0.8988004326820374,0.556928277015686,-0.006977414712309837,0.8655378818511963,0.4683794379234314,-0.055819928646087646,0.8387263417243958,0.5137396454811096,-0.0716463178396225,0.8216930627822876,0.5708459615707397,-0.07344960421323776,r
0.9122082591056824,0.8772121667861938,1.2542341210064478e-07,0.8321962952613831,0.8284975290298462,-0.05974728986620903,0.7636721134185791,0.7433338761329651,-0.08258747309446335,0.7536969184875488,0.6262953281402588,-0.10500296950340271,0.7827459573745728,0.524842381477356,-0.12148544937372208,0.7284289002418518,0.5929197072982788,0.0010493791196495295,0.692396342754364,0.45003557205200195,-0.020731110125780106,0.6734257340431213,0.36975914239883423,-0.03726613149046898,0.6644114851951599,0.29439231753349304,-0.05060389265418053,0.7800744771957397,0.5576139688491821,0.009190371260046959,0.7140713930130005,0.4206935465335846,-0.016813484951853752,0.679503321647644,0.3488345742225647,-0.03277686983346939,0.6567584872245789,0.2897630035877228,-0.04100913554430008,0.8359541893005371,0.5511850714683533,0.005129046738147736,0.7994529008865356,0.4331958293914795,-0.049073476344347,0.8001977801322937,0.5208590030670166,-0.06521868705749512,0.8063062429428101,0.6007003784179688,-0.06082719936966896,0.8975475430488586,0.5562554597854614,-0.0042901234701275826,0.8637946248054504,0.4692785441875458,-0.05409509688615799,0.8381941318511963,0.5158279538154602,-0.07027921825647354,0.8228599429130554,0.5744563341140747,-0.07205057144165039,r
0.9106407761573792,0.8708012700080872,1.404207239374955e-07,0.8304033875465393,0.8279763460159302,-0.05898443982005119,0.7621805667877197,0.7440934181213379,-0.08242088556289673,0.753693699836731,0.6265436410903931,-0.10549554228782654,0.7847573161125183,0.5268652439117432,-0.12269977480173111,0.7292945384979248,0.5949258804321289,-0.0048926956951618195,0.693907618522644,0.4529421329498291,-0.030909093096852303,0.6766186356544495,0.3705631494522095,-0.049616120755672455,0.6675863862037659,0.29310697317123413,-0.06399409472942352,0.7796149253845215,0.5589585304260254,0.0022872581612318754,0.7155864238739014,0.42113184928894043,-0.027731165289878845,0.6793467998504639,0.3512911796569824,-0.04386890307068825,0.6559465527534485,0.29211074113845825,-0.051506880670785904,0.8346437215805054,0.5510947108268738,-0.0020960397087037563,0.7981752157211304,0.4321901798248291,-0.05831554904580116,0.7946428656578064,0.5184743404388428,-0.07007014006376266,0.799100935459137,0.5962066650390625,-0.061828382313251495,0.8953864574432373,0.557106077671051,-0.011949323117733002,0.863314151763916,0.4694522023200989,-0.06174274533987045,0.8382202982902527,0.518372118473053,-0.07390481978654861,0.8244512677192688,0.5789701342582703,-0.07198704779148102,r
0.9075799584388733,0.8783935308456421,1.0746134648798034e-07,0.8288896679878235,0.8282204866409302,-0.058755163103342056,0.7600631713867188,0.7445087432861328,-0.08236373960971832,0.7478879690170288,0.6277519464492798,-0.1063082292675972,0.7784441709518433,0.527027428150177,-0.12467405200004578,0.7264326810836792,0.5950414538383484,0.0005622224998660386,0.6896939277648926,0.45350927114486694,-0.0230832751840353,0.6710463166236877,0.37130478024482727,-0.040055129677057266,0.6635576486587524,0.29367733001708984,-0.05333397164940834,0.7770007252693176,0.5597094297409058,0.007840613834559917,0.7095338106155396,0.4212384819984436,-0.019130589440464973,0.6742022633552551,0.35278260707855225,-0.03361329436302185,0.6520614624023438,0.2958429753780365,-0.04038023203611374,0.8319257497787476,0.5531004071235657,0.0029417856130748987,0.7946011424064636,0.432974636554718,-0.05249037221074104,0.7928837537765503,0.5241525769233704,-0.0658772736787796,0.7980039119720459,0.605787456035614,-0.05888838693499565,0.8922523856163025,0.5587989091873169,-0.007276569958776236,0.8583292365074158,0.46882882714271545,-0.05658714473247528,0.8328158259391785,0.5170457363128662,-0.07032354176044464,0.8177615404129028,0.5776773691177368,-0.0700848177075386,r
0.9027971029281616,0.8731495141983032,5.9205923719218845e-08,0.8248391151428223,0.8256529569625854,-0.05666540563106537,0.7535189986228943,0.7432678937911987,-0.08210443705320358,0.7382027506828308,0.6260809898376465,-0.10822772979736328,0.7699688076972961,0.5232601761817932,-0.12936599552631378,0.7237086892127991,0.5911999344825745,-0.0035164670553058386,0.6868378520011902,0.44896942377090454,-0.026404449716210365,0.6657614707946777,0.36835962533950806,-0.04159654304385185,0.6559941172599792,0.29538124799728394,-0.0528133399784565,0.7740758657455444,0.5575062036514282,0.0023571583442389965,0.7081212401390076,0.41550910472869873,-0.02120710164308548,0.6726999282836914,0.347606360912323,-0.032064806669950485,0.6492990255355835,0.29296717047691345,-0.03636397421360016,0.8298341035842896,0.5517566800117493,-0.0034472558181732893,0.7887506484985352,0.4389454126358032,-0.05318889394402504,0.7903391122817993,0.5312960743904114,-0.06439251452684402,0.7989070415496826,0.61100172996521,-0.05759958550333977,0.8910083174705505,0.5574116110801697,-0.014478648081421852,0.8524452447891235,0.4660032391548157,-0.058402564376592636,0.8265994787216187,0.5154094696044922,-0.0691971555352211,0.8128446936607361,0.5757321119308472,-0.06809741258621216,r
0.9013633728027344,0.8707351684570312,9.132459410921001e-08,0.8193451166152954,0.8227986693382263,-0.057188600301742554,0.7524682283401489,0.7463913559913635,-0.08295299112796783,0.7396254539489746,0.6282677054405212,-0.10898243635892868,0.7686889171600342,0.5265609622001648,-0.13050664961338043,0.7192788124084473,0.5935066342353821,-0.007779827807098627,0.6830126047134399,0.45067206025123596,-0.032746102660894394,0.6629848480224609,0.36818045377731323,-0.049692682921886444,0.654678463935852,0.29396170377731323,-0.0617031455039978,0.7695136070251465,0.558042585849762,-0.0006214272580109537,0.7027491331100464,0.4168552756309509,-0.02401190996170044,0.6666367650032043,0.3495194911956787,-0.03425748273730278,0.6432614922523499,0.2933899164199829,-0.03816204518079758,0.8256258368492126,0.5519244074821472,-0.004938362166285515,0.786268949508667,0.4394739866256714,-0.05359137803316116,0.7879132032394409,0.5333319902420044,-0.06354363262653351,0.7961342334747314,0.614783525466919,-0.05572175607085228,0.8861731290817261,0.5591111779212952,-0.01458913553506136,0.8486667275428772,0.465102881193161,-0.05726213753223419,0.8223167657852173,0.511497974395752,-0.0670502781867981,0.8077530860900879,0.5701738595962524,-0.06505904346704483,r
0.9034445881843567,0.8734838962554932,1.102796929330907e-07,0.8212419748306274,0.8278323411941528,-0.054878514260053635,0.7520450353622437,0.7475171685218811,-0.07853428274393082,0.741024374961853,0.6303868293762207,-0.10290943086147308,0.7689778208732605,0.5295003652572632,-0.12197627127170563,0.7199543118476868,0.5974324941635132,-0.003204252338036895,0.6817166805267334,0.45280107855796814,-0.026839759200811386,0.6616284847259521,0.37225139141082764,-0.04329627752304077,0.6523459553718567,0.29735666513442993,-0.05583333224058151,0.7706339359283447,0.5616891384124756,0.0022373886313289404,0.7044851183891296,0.4222005009651184,-0.022967113181948662,0.6690384149551392,0.3516556918621063,-0.03591280058026314,0.6459890007972717,0.29345542192459106,-0.04220331087708473,0.826117217540741,0.5549575686454773,-0.003705536015331745,0.7874740362167358,0.4372399151325226,-0.054112453013658524,0.787827730178833,0.5271884202957153,-0.0656806081533432,0.7948549389839172,0.6084059476852417,-0.05906812846660614,0.8873293995857239,0.561829149723053,-0.014913776889443398,0.8524230718612671,0.47157883644104004,-0.06041793152689934,0.8262044787406921,0.5162364840507507,-0.07301536947488785,0.8110194802284241,0.5744394063949585,-0.07282252609729767,r
0.901866614818573,0.870496392250061,1.2149560291163652e-07,0.8214788436889648,0.8247346878051758,-0.05929351970553398,0.7521868944168091,0.7457392811775208,-0.08459429442882538,0.7406083941459656,0.6309953331947327,-0.110275037586689,0.7708384990692139,0.5314602255821228,-0.1304166167974472,0.7186856269836426,0.5908797383308411,-0.003934347536414862,0.6823523044586182,0.45006614923477173,-0.029292628169059753,0.663818895816803,0.3681331276893616,-0.04670317843556404,0.6559659242630005,0.29242151975631714,-0.0597028024494648,0.7696803212165833,0.5549867749214172,0.0024778498336672783,0.7026781439781189,0.4198541045188904,-0.026509733870625496,0.6676945686340332,0.35112714767456055,-0.04139474779367447,0.6445665955543518,0.29330188035964966,-0.047946520149707794,0.8251287341117859,0.5482622981071472,-0.003188907168805599,0.7877360582351685,0.43759506940841675,-0.059153053909540176,0.7897945046424866,0.531029999256134,-0.07204369455575943,0.7968158721923828,0.6120167970657349,-0.06453170627355576,0.8856517672538757,0.5545022487640381,-0.014292076230049133,0.850534200668335,0.469012975692749,-0.06270599365234375,0.8261122107505798,0.5159041881561279,-0.07556101679801941,0.8112561702728271,0.5726087689399719,-0.07477255165576935,r
0.9011461734771729,0.8738583326339722,1.3474365800902888e-07,0.8220394849777222,0.8296427130699158,-0.05548684298992157,0.7512043118476868,0.7455432415008545,-0.07937298715114594,0.7380555868148804,0.6300284266471863,-0.10439823567867279,0.7667217254638672,0.5277201533317566,-0.12411101162433624,0.7191827297210693,0.5996948480606079,-0.004426306113600731,0.6819196939468384,0.4566177725791931,-0.030917858704924583,0.6635514497756958,0.3744308352470398,-0.048489831387996674,0.6548821330070496,0.29539573192596436,-0.06175331771373749,0.770308792591095,0.5625595450401306,-0.000681593082845211,0.7037606835365295,0.42205610871315,-0.030565055087208748,0.6666807532310486,0.35199397802352905,-0.04509618133306503,0.6416653394699097,0.29230594635009766,-0.05142635107040405,0.8266969919204712,0.554171621799469,-0.008461128920316696,0.7839989066123962,0.43679171800613403,-0.06572102010250092,0.7826924324035645,0.5291014313697815,-0.07707872986793518,0.7890158295631409,0.6107413172721863,-0.06828735768795013,0.8879734873771667,0.5602765679359436,-0.021448826417326927,0.8506851196289062,0.47256624698638916,-0.07149224728345871,0.8229395151138306,0.5195353031158447,-0.08382213860750198,0.8063267469406128,0.5785328149795532,-0.08236265927553177,r
0.9037718176841736,0.8756012320518494,-2.970014900682827e-09,0.817679226398468,0.8291703462600708,-0.055631767958402634,0.7467526793479919,0.7496530413627625,-0.08195961266756058,0.7317710518836975,0.6294571757316589,-0.10833104699850082,0.7653741240501404,0.5293435454368591,-0.13044169545173645,0.7211232781410217,0.5939369797706604,-0.01219122763723135,0.6818309426307678,0.4471389949321747,-0.03745223581790924,0.6606851816177368,0.3656541407108307,-0.054867371916770935,0.6515069007873535,0.2903505563735962,-0.06763388961553574,0.7716193199157715,0.558286726474762,-0.005883008241653442,0.7059999704360962,0.4165450930595398,-0.02927788905799389,0.6693671941757202,0.34909093379974365,-0.04050227627158165,0.6433337926864624,0.2911381423473358,-0.04598619416356087,0.8282608389854431,0.5507707595825195,-0.010062887333333492,0.7824978232383728,0.44495710730552673,-0.05484930798411369,0.7833730578422546,0.5355513095855713,-0.06343997269868851,0.7924693822860718,0.6111446022987366,-0.05685281381011009,0.8890971541404724,0.5568934679031372,-0.019640002399683,0.8463747501373291,0.4640142619609833,-0.05849544331431389,0.8211302161216736,0.5186817049980164,-0.06515676528215408,0.8116498589515686,0.5836767554283142,-0.062067851424217224,r
0.6766673922538757,0.9263709783554077,2.861592633962573e-07,0.5727440714836121,0.8601964116096497,-0.009140335954725742,0.5068145394325256,0.7326768040657043,-0.014421209692955017,0.47681307792663574,0.6239796280860901,-0.03131749853491783,0.48927024006843567,0.521866500377655,-0.045764219015836716,0.5526020526885986,0.5935968160629272,0.046838097274303436,0.5292529463768005,0.4397972822189331,0.04002704843878746,0.5114904046058655,0.34343552589416504,0.038541972637176514,0.4997122883796692,0.26362213492393494,0.036488212645053864,0.5969005823135376,0.5847994089126587,0.023725928738713264,0.5790274739265442,0.39926061034202576,0.005729340016841888,0.549727737903595,0.3054882884025574,-0.004453145898878574,0.5203958749771118,0.23423200845718384,-0.006773457396775484,0.6378955841064453,0.5913622975349426,-0.008044472895562649,0.5869213342666626,0.43054306507110596,-0.06100516393780708,0.544974684715271,0.4701443016529083,-0.0775337740778923,0.524552047252655,0.5198190212249756,-0.07281602919101715,0.6678067445755005,0.6028672456741333,-0.039637885987758636,0.580294668674469,0.4820519685745239,-0.0849093496799469,0.5309264659881592,0.5351601243019104,-0.09159377217292786,0.5100517868995667,0.6104738712310791,-0.08764917403459549,r
0.6943012475967407,0.9206403493881226,3.115655715646426e-07,0.5911571383476257,0.8514765501022339,-0.014888588339090347,0.5184745788574219,0.7274273037910461,-0.028129762038588524,0.4855169653892517,0.6171491742134094,-0.0527547225356102,0.5017980933189392,0.5176231861114502,-0.0737677663564682,0.5686134099960327,0.597454309463501,0.024083275347948074,0.5439758896827698,0.4356487989425659,0.0037773072253912687,0.526698887348175,0.34255117177963257,-0.0034760022535920143,0.5169216394424438,0.26338303089141846,-0.006821509916335344,0.6124675273895264,0.5902065634727478,0.002452499233186245,0.5899196267127991,0.3964560031890869,-0.032461583614349365,0.5558704137802124,0.31276607513427734,-0.04810665547847748,0.525788426399231,0.24422743916511536,-0.050471220165491104,0.6537553668022156,0.5972211956977844,-0.02637048065662384,0.584175705909729,0.4485812783241272,-0.0885964035987854,0.5445650815963745,0.5486540794372559,-0.0968952402472496,0.5330814123153687,0.6394314169883728,-0.08158764243125916,0.6858161687850952,0.6113517880439758,-0.0558050200343132,0.597288191318512,0.4951809048652649,-0.09951486438512802,0.5510179400444031,0.5519536137580872,-0.09998776018619537,0.5355083346366882,0.6213124394416809,-0.08976040035486221,r
0.7106223702430725,0.924050509929657,2.759462915946642e-07,0.6092512607574463,0.8568949699401855,-0.016901351511478424,0.5322280526161194,0.7444004416465759,-0.03186577931046486,0.4973962903022766,0.6372189521789551,-0.058296240866184235,0.5164368748664856,0.5389226675033569,-0.08081250637769699,0.5780807733535767,0.6049465537071228,0.019644172862172127,0.5500162839889526,0.44419026374816895,-0.00660577742382884,0.5293667316436768,0.3471672832965851,-0.02044009231030941,0.5172005891799927,0.26170143485069275,-0.028314830735325813,0.6229810118675232,0.5960157513618469,-0.003213936695829034,0.5936267375946045,0.4043121337890625,-0.04408952593803406,0.5575016140937805,0.31165531277656555,-0.06578462570905685,0.5249436497688293,0.244022399187088,-0.07198677957057953,0.6673553586006165,0.6037397384643555,-0.03336138650774956,0.5949407815933228,0.4702543616294861,-0.09991872310638428,0.5573837161064148,0.5651512742042542,-0.11075907200574875,0.5447961688041687,0.6555915474891663,-0.09600935131311417,0.7046922445297241,0.6201452612876892,-0.06447584182024002,0.622373104095459,0.505956768989563,-0.1094968169927597,0.5744597911834717,0.5548359155654907,-0.10899467021226883,0.5508769750595093,0.6211477518081665,-0.09741715341806412,r
0.7758959531784058,0.932837188243866,2.875457596474007e-07,0.6720817685127258,0.8869348168373108,-0.025428064167499542,0.5892716646194458,0.7890908718109131,-0.046759407967329025,0.5447733402252197,0.6841910481452942,-0.07830670475959778,0.5737716555595398,0.5939064621925354,-0.10563228279352188,0.6215125322341919,0.6206634044647217,-0.0013765086187049747,0.5752942562103271,0.45474404096603394,-0.03360692411661148,0.556696355342865,0.35891538858413696,-0.053708963096141815,0.5449625849723816,0.2736718952655792,-0.06766065210103989,0.6667895913124084,0.6071990728378296,-0.022308597341179848,0.6128717660903931,0.4208606481552124,-0.06905105710029602,0.5699788331985474,0.3291030526161194,-0.09727887809276581,0.5348825454711914,0.2681465446949005,-0.1112724170088768,0.7136919498443604,0.6164575815200806,-0.04958069324493408,0.6502591967582703,0.4835093319416046,-0.11199183762073517,0.6328091621398926,0.5842434167861938,-0.11475218832492828,0.6355050206184387,0.6748267412185669,-0.09876463562250137,0.7548598647117615,0.6414859890937805,-0.07958659529685974,0.6823759078979492,0.5242778658866882,-0.11914234608411789,0.6409180760383606,0.5831964612007141,-0.11157285422086716,0.6224167943000793,0.6605299115180969,-0.09758880734443665,r
0.7855817675590515,0.9307578206062317,3.3246882935600297e-07,0.6845300197601318,0.886391282081604,-0.0285809226334095,0.6013384461402893,0.7955543398857117,-0.052879802882671356,0.5618424415588379,0.6877838373184204,-0.08737107366323471,0.5943515300750732,0.592535138130188,-0.11784610897302628,0.6229198575019836,0.6322183012962341,-0.00033003310090862215,0.5761527419090271,0.46642422676086426,-0.03614821657538414,0.5574329495429993,0.3698604106903076,-0.057558801025152206,0.5473029613494873,0.2828122675418854,-0.0705661028623581,0.6683330535888672,0.6129636764526367,-0.018509775400161743,0.6092706322669983,0.43172213435173035,-0.06439237296581268,0.5673685073852539,0.3469362258911133,-0.08841099590063095,0.5341196656227112,0.2867271304130554,-0.09768441319465637,0.7178926467895508,0.6171948909759521,-0.04416932538151741,0.6462657451629639,0.5022211670875549,-0.10483501106500626,0.633230447769165,0.6121390461921692,-0.1051005870103836,0.6415290832519531,0.7050241827964783,-0.08585534244775772,0.7638025879859924,0.6380243897438049,-0.07334218919277191,0.6909191608428955,0.5287681818008423,-0.10874088853597641,0.6525152325630188,0.5874016284942627,-0.09939153492450714,0.6371276378631592,0.661507248878479,-0.08360330760478973,r
0.7898271679878235,0.9326956272125244,4.0397250700152654e-07,0.6916115880012512,0.8954678773880005,-0.02974344603717327,0.6047308444976807,0.8036494255065918,-0.05155811831355095,0.5654925107955933,0.6972885131835938,-0.08302426338195801,0.5941852331161499,0.5995091199874878,-0.11009030789136887,0.6217275261878967,0.6382044553756714,3.6125045880908147e-05,0.5740439891815186,0.4744604229927063,-0.03561665117740631,0.5557560920715332,0.3790836036205292,-0.055532824248075485,0.5475744009017944,0.29273590445518494,-0.06638755649328232,0.6694450974464417,0.6158510446548462,-0.017554325982928276,0.6127053499221802,0.4319629669189453,-0.06272989511489868,0.5715326070785522,0.3470468521118164,-0.08379647135734558,0.5403927564620972,0.2868686616420746,-0.08930954337120056,0.721172034740448,0.6175087094306946,-0.04310229793190956,0.6459462642669678,0.5101300477981567,-0.10701903700828552,0.6310790777206421,0.623757004737854,-0.10570807009935379,0.6377316117286682,0.7187539935112,-0.08304250240325928,0.768941342830658,0.6374862194061279,-0.07225313037633896,0.6996419429779053,0.5344094038009644,-0.11170479655265808,0.657848060131073,0.5928481817245483,-0.10250227898359299,0.6361695528030396,0.6636086106300354,-0.08496911078691483,r
0.7944346070289612,0.9283989667892456,4.3896764623241324e-07,0.6979003548622131,0.8985834121704102,-0.032733187079429626,0.6093081831932068,0.8077740669250488,-0.055600475519895554,0.5718275308609009,0.6998107433319092,-0.08760808408260345,0.6000450849533081,0.5977016091346741,-0.11522406339645386,0.6252430081367493,0.6402230262756348,-0.0017426747363060713,0.574837327003479,0.4814133048057556,-0.03951790928840637,0.5547187328338623,0.38478177785873413,-0.061350107192993164,0.5427730679512024,0.2976100444793701,-0.07410408556461334,0.6712977886199951,0.6142615675926208,-0.019335322082042694,0.6062358021736145,0.43602871894836426,-0.06749361008405685,0.5615605711936951,0.3566720187664032,-0.09017760306596756,0.5253887176513672,0.3019874691963196,-0.09632973372936249,0.7234823107719421,0.6146255731582642,-0.04529333487153053,0.6455841660499573,0.5070838928222656,-0.11433406174182892,0.6386926770210266,0.6220188736915588,-0.11430438607931137,0.6511785984039307,0.719454288482666,-0.09134861081838608,0.7728760242462158,0.6355735659599304,-0.07491637021303177,0.6986038684844971,0.5368198752403259,-0.12024160474538803,0.658646821975708,0.5994954109191895,-0.11321107298135757,0.6380631923675537,0.6757693290710449,-0.0961611419916153,r
0.7974473237991333,0.9263045191764832,3.9723448708173237e-07,0.7011761665344238,0.8925251960754395,-0.03251228481531143,0.6127998232841492,0.8038269281387329,-0.05600424483418465,0.5751779675483704,0.7000716328620911,-0.08890499919652939,0.5973641872406006,0.5973098874092102,-0.11746397614479065,0.627676784992218,0.6349763870239258,-0.0033178580924868584,0.5775408744812012,0.474672794342041,-0.040993258357048035,0.5569143891334534,0.37848803400993347,-0.0628667026758194,0.544512927532196,0.2905522286891937,-0.07554396241903305,0.6743419766426086,0.6115943789482117,-0.021341955289244652,0.6103042960166931,0.43484801054000854,-0.06965231895446777,0.565623939037323,0.35554131865501404,-0.09201966226100922,0.5292075276374817,0.2988356351852417,-0.09835435450077057,0.7260658144950867,0.6120708584785461,-0.04767138883471489,0.647218644618988,0.5055286884307861,-0.11608146131038666,0.6366221308708191,0.6197775602340698,-0.1157083809375763,0.6459277272224426,0.7158933877944946,-0.09318209439516068,0.7740477919578552,0.6329367756843567,-0.07786436378955841,0.7018113136291504,0.5321142673492432,-0.12196426838636398,0.6598445773124695,0.5924347639083862,-0.1142929270863533,0.6372438669204712,0.6663262248039246,-0.09739961475133896,r
0.7878350019454956,0.9252095222473145,4.3430466689642344e-07,0.6934526562690735,0.8935590982437134,-0.033157289028167725,0.6061014533042908,0.802837610244751,-0.056167200207710266,0.5629685521125793,0.6985700726509094,-0.08827977627515793,0.5806723237037659,0.5963998436927795,-0.1163257583975792,0.622426450252533,0.6407575607299805,-0.0062262616120278835,0.571112334728241,0.48264893889427185,-0.04543901979923248,0.5498047471046448,0.3859994411468506,-0.06788641214370728,0.5374799966812134,0.29830214381217957,-0.08004234731197357,0.6670963764190674,0.6176040768623352,-0.023068252950906754,0.6026648879051208,0.43745213747024536,-0.0725737065076828,0.558951199054718,0.35479554533958435,-0.09632901847362518,0.5238343477249146,0.2951471507549286,-0.10286153107881546,0.7173399925231934,0.6160796284675598,-0.04786005616188049,0.6420953273773193,0.5096699595451355,-0.11633073538541794,0.629115104675293,0.621641218662262,-0.11774133890867233,0.6352512836456299,0.7172613739967346,-0.09586400538682938,0.7645222544670105,0.632339596748352,-0.0762225091457367,0.6914845705032349,0.5347051620483398,-0.11825162172317505,0.6470345258712769,0.5911000370979309,-0.11019650101661682,0.6214710474014282,0.6620765328407288,-0.0930277407169342,r
0.7859090566635132,0.924820065498352,4.254248437973729e-07,0.6898057460784912,0.8960771560668945,-0.03056286834180355,0.5991857647895813,0.8026512861251831,-0.05188995972275734,0.5518386960029602,0.701330304145813,-0.08262451738119125,0.5690174698829651,0.6018363237380981,-0.10957472771406174,0.6227542161941528,0.6427683234214783,-0.004458991810679436,0.5704907774925232,0.48462212085723877,-0.040582962334156036,0.5465306043624878,0.3890538811683655,-0.060878872871398926,0.5316876173019409,0.29991599917411804,-0.07261426001787186,0.6679307222366333,0.619458794593811,-0.022497449070215225,0.6040682196617126,0.440481960773468,-0.07001329213380814,0.557161808013916,0.3560470640659332,-0.093133844435215,0.5204954147338867,0.2937764823436737,-0.1001286432147026,0.7177518606185913,0.6180102825164795,-0.04814719408750534,0.6403075456619263,0.5092868804931641,-0.11535114049911499,0.620105504989624,0.6198232173919678,-0.11763309687376022,0.622623085975647,0.715286910533905,-0.09714332222938538,0.7634330987930298,0.632794976234436,-0.0770031288266182,0.6892078518867493,0.5351352691650391,-0.1188441812992096,0.642347514629364,0.5907367467880249,-0.11196465790271759,0.6164317727088928,0.6609651446342468,-0.09619303792715073,r
0.765373945236206,0.9241125583648682,5.312819553182635e-07,0.6657317280769348,0.8790339827537537,-0.014293507672846317,0.5827230215072632,0.7836306691169739,-0.03269210457801819,0.5309811234474182,0.698511004447937,-0.06389088183641434,0.5374563336372375,0.6045727729797363,-0.09128189831972122,0.615291178226471,0.6230672001838684,0.009829592891037464,0.568697988986969,0.4665451943874359,-0.02212872914969921,0.5427590608596802,0.3754829168319702,-0.039026107639074326,0.5229398012161255,0.29435139894485474,-0.04869559034705162,0.6577147841453552,0.6106275916099548,-0.01746273785829544,0.61048823595047,0.4189874529838562,-0.06291872262954712,0.5597903728485107,0.3344169557094574,-0.08430171757936478,0.5180891156196594,0.2762538194656372,-0.08969645947217941,0.7014632225036621,0.6188897490501404,-0.05092492699623108,0.6109290719032288,0.49739277362823486,-0.11162224411964417,0.584077775478363,0.6028932332992554,-0.10823716223239899,0.5895760655403137,0.6937286257743835,-0.08517709374427795,0.7354769706726074,0.6456472873687744,-0.08667795360088348,0.6463034152984619,0.5483517050743103,-0.12324998527765274,0.6019935011863708,0.6051461696624756,-0.11255767941474915,0.5919033885002136,0.6716329455375671,-0.09444181621074677,r
0.7710905075073242,0.9194349050521851,4.8806396080181e-07,0.6666496992111206,0.875422477722168,-0.008579215034842491,0.5852317810058594,0.7747764587402344,-0.024031035602092743,0.5373103022575378,0.6856509447097778,-0.05375733599066734,0.5370721220970154,0.5884482860565186,-0.07963265478610992,0.6167516112327576,0.618026614189148,0.018767137080430984,0.5686678290367126,0.45792222023010254,-0.009565383195877075,0.5405452251434326,0.367559015750885,-0.02339738979935646,0.518422544002533,0.2890089750289917,-0.03144421800971031,0.6592864394187927,0.6039118766784668,-0.011493081226944923,0.6133823990821838,0.411918044090271,-0.05514644458889961,0.5594557523727417,0.3314415514469147,-0.07596354186534882,0.5149911642074585,0.2767801582813263,-0.08115693181753159,0.7013478875160217,0.6096110939979553,-0.04778621345758438,0.6087455153465271,0.48562031984329224,-0.10632773488759995,0.5762267112731934,0.5960946679115295,-0.10331230610609055,0.5792948603630066,0.6891758441925049,-0.08141229301691055,0.7350140810012817,0.6331018805503845,-0.08609582483768463,0.6427547931671143,0.5367875099182129,-0.12269523739814758,0.5964871644973755,0.5956839323043823,-0.11404716968536377,0.5864450335502625,0.6633460521697998,-0.09782935678958893,r
0.7645599842071533,0.8628445267677307,5.65861057566508e-07,0.6585940718650818,0.8211472034454346,-0.010787471197545528,0.5835621356964111,0.7199075818061829,-0.025210656225681305,0.5460399389266968,0.6279352903366089,-0.052769389003515244,0.5521265864372253,0.5340253114700317,-0.07659794390201569,0.6262208223342896,0.5753260254859924,0.02661275863647461,0.5861607193946838,0.42936432361602783,0.004219166934490204,0.5608044266700745,0.3429083228111267,-0.005906769074499607,0.5418459177017212,0.27195215225219727,-0.011471785604953766,0.6657553911209106,0.5614558458328247,0.0010364039335399866,0.6378304958343506,0.3896252512931824,-0.033801399171352386,0.5949168801307678,0.3139198422431946,-0.04952048882842064,0.5590551495552063,0.2516774833202362,-0.05242471396923065,0.7026825547218323,0.5674565434455872,-0.031816814094781876,0.6240218877792358,0.4433170258998871,-0.08674494177103043,0.5856892466545105,0.5452370047569275,-0.08696285635232925,0.5806412100791931,0.6305487751960754,-0.06824219226837158,0.7307363152503967,0.5889446139335632,-0.06647669523954391,0.6462756991386414,0.4940463900566101,-0.1040932834148407,0.5994652509689331,0.5475691556930542,-0.10078922659158707,0.5848098993301392,0.610197126865387,-0.08866095542907715,r
0.8241011500358582,0.8639882802963257,4.08227037951292e-07,0.7244638800621033,0.8266197443008423,-0.006472406908869743,0.6472992897033691,0.7218140363693237,-0.019851885735988617,0.6028715372085571,0.6261675953865051,-0.047371044754981995,0.6102674007415771,0.5312284231185913,-0.07153262197971344,0.6828492879867554,0.5904427170753479,0.034334443509578705,0.6458615064620972,0.4427204132080078,0.015738876536488533,0.6220865845680237,0.3513537347316742,0.008947917260229588,0.6043967008590698,0.27754896879196167,0.004475890193134546,0.7241029739379883,0.5720014572143555,0.006000427063554525,0.6935592293739319,0.3968193829059601,-0.030380459502339363,0.6466185450553894,0.31891483068466187,-0.047480132430791855,0.6042313575744629,0.2695162892341614,-0.04997057095170021,0.7601514458656311,0.5734591484069824,-0.02926175482571125,0.6785715222358704,0.44673317670822144,-0.08249854296445847,0.6445028185844421,0.54417484998703,-0.08610835671424866,0.6411997079849243,0.6308268904685974,-0.07030260562896729,0.7868784666061401,0.5871217846870422,-0.06595927476882935,0.6943879127502441,0.49584275484085083,-0.1034713163971901,0.6544061899185181,0.5515474081039429,-0.10466384142637253,0.6467049717903137,0.6173645257949829,-0.09622625261545181,r
0.8423338532447815,0.885378897190094,5.202871307119494e-07,0.7438933849334717,0.825760006904602,-0.006447994150221348,0.6809824705123901,0.7040862441062927,-0.01751573383808136,0.6476500630378723,0.6180113554000854,-0.041472844779491425,0.6600502133369446,0.5315398573875427,-0.06173956021666527,0.7388239502906799,0.5572652816772461,0.022542661055922508,0.7133863568305969,0.4113854765892029,-0.0007305656909011304,0.6965780258178711,0.31878840923309326,-0.012198672629892826,0.6843087673187256,0.24260863661766052,-0.01936853490769863,0.7844506502151489,0.5544701814651489,-0.008231724612414837,0.7735943794250488,0.3847389817237854,-0.04547508805990219,0.7358636856079102,0.2933630645275116,-0.06316474080085754,0.698508083820343,0.23168295621871948,-0.06665154546499252,0.8221323490142822,0.5776078701019287,-0.045343030244112015,0.7346004247665405,0.46380266547203064,-0.10123559832572937,0.6825988292694092,0.5543489456176758,-0.10158482939004898,0.6660507917404175,0.6346524953842163,-0.08276306092739105,0.8420583605766296,0.6208709478378296,-0.08425229042768478,0.7551260590553284,0.5243932604789734,-0.12339374423027039,0.7028502225875854,0.5608406066894531,-0.12068159878253937,0.6789650917053223,0.610082745552063,-0.10876502841711044,r
0.8507748246192932,0.9082126021385193,4.2628502683328406e-07,0.7550448179244995,0.8469098806381226,-0.013332069851458073,0.6954686641693115,0.7231642007827759,-0.030303962528705597,0.6617156267166138,0.6303305625915527,-0.058174919337034225,0.6742825508117676,0.5399619340896606,-0.08204717189073563,0.7574436664581299,0.5736738443374634,0.006116447038948536,0.7410998344421387,0.421664834022522,-0.024192526936531067,0.7273333072662354,0.32520854473114014,-0.04104999080300331,0.7187404632568359,0.24498486518859863,-0.05156596004962921,0.8020538687705994,0.5733129978179932,-0.021929511800408363,0.7891073822975159,0.3964638113975525,-0.06600954383611679,0.7529311180114746,0.29894983768463135,-0.08790361136198044,0.7166419625282288,0.23411208391189575,-0.09406542032957077,0.8385165333747864,0.5984386801719666,-0.05585237592458725,0.7477814555168152,0.48739153146743774,-0.11386212706565857,0.6968476176261902,0.567925751209259,-0.11561960726976395,0.6801245808601379,0.6441512107849121,-0.09858214110136032,0.8560750484466553,0.6399262547492981,-0.09212851524353027,0.7680785655975342,0.5456518530845642,-0.13067816197872162,0.715020477771759,0.576718270778656,-0.12728804349899292,0.6906067728996277,0.6240549683570862,-0.11537846177816391,r
0.8529146313667297,0.9103320240974426,4.2631324959074846e-07,0.7586037516593933,0.8408226370811462,-0.008234904147684574,0.7035689949989319,0.720449686050415,-0.023566586896777153,0.6718997359275818,0.6303940415382385,-0.05066188797354698,0.6858872771263123,0.5465331673622131,-0.07383497059345245,0.773079514503479,0.5707862377166748,0.009547250345349312,0.7561489343643188,0.4204118847846985,-0.02256026677787304,0.7426800727844238,0.3233366012573242,-0.040906790643930435,0.7358953356742859,0.24404111504554749,-0.05224641412496567,0.8169975280761719,0.5761901140213013,-0.021541891619563103,0.8196157813072205,0.4007361829280853,-0.07309457659721375,0.7806546688079834,0.3030751049518585,-0.0987839549779892,0.7429859638214111,0.2400423288345337,-0.1039823517203331,0.8498185276985168,0.6060248017311096,-0.05760502070188522,0.7595648169517517,0.494479238986969,-0.11976520717144012,0.7044601440429688,0.5766916275024414,-0.11916328221559525,0.6902408599853516,0.6515614986419678,-0.09703841060400009,0.8626804351806641,0.6534146666526794,-0.09543440490961075,0.7759497761726379,0.5514365434646606,-0.13497580587863922,0.7213617563247681,0.59003084897995,-0.12718790769577026,0.6997405290603638,0.6438470482826233,-0.10966358333826065,r
0.8617744445800781,0.9413480758666992,3.2018186857385444e-07,0.7680471539497375,0.8506249189376831,-0.01222020573914051,0.713789701461792,0.7322957515716553,-0.030761895701289177,0.6808167695999146,0.6431084871292114,-0.06081622466444969,0.6907951235771179,0.553482174873352,-0.08597367256879807,0.7862505316734314,0.5764505863189697,0.008567406795918941,0.7664990425109863,0.42331910133361816,-0.025588491931557655,0.7526745200157166,0.3238048553466797,-0.04670366644859314,0.7442452907562256,0.24245983362197876,-0.0603664256632328,0.8306170105934143,0.5850672721862793,-0.022739900276064873,0.8364380598068237,0.40210452675819397,-0.07966307550668716,0.7959586381912231,0.30580806732177734,-0.10977261513471603,0.7550614476203918,0.24523985385894775,-0.11754632741212845,0.8616130948066711,0.6158613562583923,-0.05953039228916168,0.7764627933502197,0.4905781149864197,-0.1254698932170868,0.7173712849617004,0.5695112943649292,-0.1264367401599884,0.6970028877258301,0.6443228125572205,-0.10498864203691483,0.8714932799339294,0.6617669463157654,-0.09854291379451752,0.7883643507957458,0.5486656427383423,-0.13952115178108215,0.7320343255996704,0.5825345516204834,-0.132067009806633,0.7048987746238708,0.6346637606620789,-0.11497903615236282,r
0.8851394653320312,0.9647770524024963,3.262949803684023e-07,0.7831205129623413,0.8689442873001099,-0.011329137720167637,0.7212243676185608,0.7382827401161194,-0.030950020998716354,0.6853426694869995,0.6388639807701111,-0.06355271488428116,0.7035169005393982,0.5478798151016235,-0.09148326516151428,0.7988550066947937,0.5818368196487427,0.01143306028097868,0.774939775466919,0.4200504720211029,-0.021119194105267525,0.7621335387229919,0.31974467635154724,-0.0406918041408062,0.7574136257171631,0.23318564891815186,-0.054109495133161545,0.8464537262916565,0.5883609652519226,-0.021616723388433456,0.8273270726203918,0.3992103338241577,-0.07208548486232758,0.7895281314849854,0.29462674260139465,-0.09872448444366455,0.7532338500022888,0.22557291388511658,-0.1079903244972229,0.8822116255760193,0.6189366579055786,-0.06081390380859375,0.7807652950286865,0.4922274351119995,-0.12341970205307007,0.7246680855751038,0.5759793519973755,-0.12311720848083496,0.7066488265991211,0.655807375907898,-0.10382173955440521,0.8964953422546387,0.6644707322120667,-0.10264870524406433,0.8039971590042114,0.5501723289489746,-0.14056681096553802,0.7487581372261047,0.5828343629837036,-0.13266637921333313,0.7225738167762756,0.6350869536399841,-0.11789831519126892,r
0.155847430229187,0.7181307673454285,3.899917828675825e-07,0.20599789917469025,0.6940202713012695,-0.02923084981739521,0.23625659942626953,0.64132159948349,-0.04548081383109093,0.21356099843978882,0.594214141368866,-0.061909403651952744,0.18192335963249207,0.556552529335022,-0.07749917358160019,0.23612923920154572,0.5296882390975952,-0.019479388371109962,0.22958610951900482,0.4509742558002472,-0.044737882912158966,0.22181476652622223,0.39870405197143555,-0.06456684321165085,0.21213065087795258,0.35163986682891846,-0.07769013196229935,0.20004120469093323,0.5252188444137573,-0.026094025000929832,0.21694695949554443,0.43223142623901367,-0.055249061435461044,0.22296524047851562,0.38092875480651855,-0.07374181598424911,0.2216530740261078,0.3364397883415222,-0.08143125474452972,0.16349516808986664,0.540510356426239,-0.037327319383621216,0.16463518142700195,0.49587687849998474,-0.08041651546955109,0.17038699984550476,0.5613641142845154,-0.08958393335342407,0.17761273682117462,0.6068839430809021,-0.08315104246139526,0.12702897191047668,0.5689816474914551,-0.050825752317905426,0.13273441791534424,0.5468267798423767,-0.08421945571899414,0.14622017741203308,0.5961930751800537,-0.08633444458246231,0.16021525859832764,0.6324122548103333,-0.08062151074409485,r
0.15741777420043945,0.7177337408065796,3.751950714558916e-07,0.20844732224941254,0.6946969628334045,-0.026688281446695328,0.23694607615470886,0.6421961188316345,-0.04090181738138199,0.21374252438545227,0.5946661829948425,-0.05571655184030533,0.18338392674922943,0.5558762550354004,-0.06997983902692795,0.23591919243335724,0.5314299464225769,-0.015844589099287987,0.23106472194194794,0.4543314576148987,-0.03937232121825218,0.22502057254314423,0.4023761451244354,-0.05827690660953522,0.21742352843284607,0.3561718463897705,-0.07088296860456467,0.2009143829345703,0.5253889560699463,-0.023065242916345596,0.21548844873905182,0.4344840943813324,-0.05032813549041748,0.2220759391784668,0.3819437325000763,-0.06858222931623459,0.22169286012649536,0.3368646502494812,-0.0766235813498497,0.16486868262290955,0.5402266979217529,-0.034662049263715744,0.1654742956161499,0.4974720776081085,-0.07612339407205582,0.16996335983276367,0.5610677003860474,-0.08521880209445953,0.17541563510894775,0.6059516072273254,-0.07911280542612076,0.12842881679534912,0.5695556402206421,-0.04829128831624985,0.133264422416687,0.5451897978782654,-0.08072324097156525,0.14611957967281342,0.5934114456176758,-0.08253461867570877,0.158977210521698,0.6307026147842407,-0.07666956633329391,r
0.16041406989097595,0.7071614265441895,3.7779835793116945e-07,0.21206748485565186,0.6840105652809143,-0.02995409443974495,0.24221399426460266,0.6297312378883362,-0.0447826012969017,0.2176552265882492,0.5795729160308838,-0.059413518756628036,0.18544159829616547,0.5408741235733032,-0.07299858331680298,0.2420969307422638,0.5233187079429626,-0.017217429354786873,0.23684369027614594,0.4447641968727112,-0.04222116246819496,0.22916094958782196,0.3921346962451935,-0.06230419874191284,0.21985244750976562,0.34509792923927307,-0.07544279843568802,0.20592424273490906,0.5170295238494873,-0.02277512103319168,0.2226042002439499,0.4259539544582367,-0.051329150795936584,0.22880849242210388,0.37535834312438965,-0.06966005265712738,0.22808288037776947,0.33226513862609863,-0.07706870138645172,0.16953256726264954,0.5303254127502441,-0.03335537016391754,0.17117810249328613,0.4883977174758911,-0.07601669430732727,0.17468222975730896,0.5544973015785217,-0.08529778569936752,0.18047435581684113,0.5996370315551758,-0.07867810130119324,0.13301831483840942,0.5567444562911987,-0.04633213207125664,0.1399022936820984,0.5368540287017822,-0.07941209524869919,0.15081220865249634,0.5868465304374695,-0.08154140412807465,0.16264811158180237,0.621875524520874,-0.07568900287151337,r
0.15108871459960938,0.7382513284683228,2.7820266268463456e-07,0.19917842745780945,0.7110403776168823,-0.026990611106157303,0.23002289235591888,0.6551641821861267,-0.040951330214738846,0.2023124098777771,0.6047019958496094,-0.054508280009031296,0.1719209849834442,0.5682200789451599,-0.06713806837797165,0.23178207874298096,0.5567507743835449,-0.017263734713196754,0.22594314813613892,0.4820570945739746,-0.041804902255535126,0.21888329088687897,0.43003106117248535,-0.06086967512965202,0.20926226675510406,0.3844836950302124,-0.07301335781812668,0.19303171336650848,0.5464329719543457,-0.02359803579747677,0.21229012310504913,0.4515848159790039,-0.0516570582985878,0.2164972424507141,0.40515294671058655,-0.06653487682342529,0.2129932940006256,0.3683931827545166,-0.07066600769758224,0.1545165628194809,0.5577706694602966,-0.034518029540777206,0.15584838390350342,0.5194848775863647,-0.0754282996058464,0.16117441654205322,0.5856927633285522,-0.0807894617319107,0.16798539459705353,0.6299797892570496,-0.07145781815052032,0.11605536937713623,0.581782877445221,-0.04751785472035408,0.1165008544921875,0.5549508333206177,-0.07695546746253967,0.12597370147705078,0.6039422154426575,-0.074799545109272,0.1382635086774826,0.6376579403877258,-0.06623977422714233,r
0.15033191442489624,0.7131031155586243,4.5832189243810717e-07,0.20115450024604797,0.6923457384109497,-0.02792198769748211,0.231935515999794,0.6378395557403564,-0.04117942973971367,0.2064099907875061,0.5900602340698242,-0.05399122089147568,0.17346711456775665,0.5547459125518799,-0.06667324900627136,0.23229233920574188,0.5295117497444153,-0.019709015265107155,0.23181433975696564,0.44643735885620117,-0.042008884251117706,0.22997154295444489,0.3882938027381897,-0.05951869860291481,0.2259717583656311,0.33757320046424866,-0.0710429772734642,0.19488784670829773,0.522326648235321,-0.02559553273022175,0.21535782516002655,0.4298245906829834,-0.05067506060004234,0.22576509416103363,0.38018733263015747,-0.06651884317398071,0.2276652753353119,0.3389488458633423,-0.07241469621658325,0.15676166117191315,0.5368928909301758,-0.035702697932720184,0.1617565155029297,0.5003103613853455,-0.07421132177114487,0.16523751616477966,0.562671422958374,-0.08118052780628204,0.1693117767572403,0.6053765416145325,-0.07347095757722855,0.11805857717990875,0.5650476217269897,-0.047986891120672226,0.12439589202404022,0.5342174172401428,-0.07656228542327881,0.1370604932308197,0.5800318717956543,-0.0751756802201271,0.1495107114315033,0.6179100275039673,-0.06715398281812668,r
0.15058261156082153,0.7150616645812988,3.897766589489038e-07,0.20485860109329224,0.6914580464363098,-0.027177322655916214,0.2367539256811142,0.6354811787605286,-0.03919271007180214,0.21087250113487244,0.5864486694335938,-0.0507977120578289,0.17550545930862427,0.5515502691268921,-0.06221597641706467,0.23901690542697906,0.5294808745384216,-0.018217964097857475,0.24154336750507355,0.4432815909385681,-0.038240984082221985,0.24198447167873383,0.38547635078430176,-0.05468539521098137,0.24119707942008972,0.33423301577568054,-0.06613711267709732,0.20210406184196472,0.5231723189353943,-0.024634379893541336,0.22225017845630646,0.4311542809009552,-0.0479351170361042,0.23146703839302063,0.37957513332366943,-0.0640244260430336,0.23286058008670807,0.3342798948287964,-0.07107069343328476,0.16337424516677856,0.536428689956665,-0.03524664416909218,0.17095410823822021,0.5021563768386841,-0.07192942500114441,0.17442598938941956,0.5620522499084473,-0.08109132200479507,0.1775621920824051,0.6006630659103394,-0.07605872303247452,0.12460948526859283,0.5639511346817017,-0.04812248796224594,0.1324957311153412,0.533911406993866,-0.07525745779275894,0.14506541192531586,0.5789706707000732,-0.07525195926427841,0.15473103523254395,0.617844820022583,-0.06918796896934509,r
0.14146336913108826,0.7095789909362793,4.832581907976419e-07,0.19627436995506287,0.6855025291442871,-0.02235637977719307,0.23100514709949493,0.6297685503959656,-0.03379949927330017,0.20750319957733154,0.5779722332954407,-0.046414509415626526,0.17292165756225586,0.5422295331954956,-0.0590549036860466,0.23351238667964935,0.5196259021759033,-0.012243680655956268,0.23779773712158203,0.4343796968460083,-0.034444067627191544,0.2377748191356659,0.37639570236206055,-0.05174800381064415,0.23402255773544312,0.32319319248199463,-0.06281235069036484,0.19629040360450745,0.5118617415428162,-0.021682482212781906,0.22606442868709564,0.4182288348674774,-0.045847948640584946,0.24072566628456116,0.3643697500228882,-0.06134888157248497,0.24627359211444855,0.315860778093338,-0.06701960414648056,0.15638042986392975,0.5246463418006897,-0.03529488295316696,0.1655043065547943,0.48893871903419495,-0.07489249110221863,0.1670645922422409,0.5555669069290161,-0.08197163045406342,0.16965129971504211,0.6000684499740601,-0.07354283332824707,0.11407309770584106,0.5511554479598999,-0.05052752420306206,0.12140027433633804,0.5188677906990051,-0.07901392132043839,0.133012056350708,0.5684341192245483,-0.07620805501937866,0.1451224684715271,0.6091230511665344,-0.0668702945113182,r
0.1461356282234192,0.7046926021575928,5.513401788448391e-07,0.19784799218177795,0.685112714767456,-0.029576681554317474,0.22906510531902313,0.6295479536056519,-0.04502144083380699,0.20366762578487396,0.5781264901161194,-0.060322538018226624,0.16956055164337158,0.5405899882316589,-0.07505688071250916,0.2292417287826538,0.5193969011306763,-0.021391112357378006,0.22755876183509827,0.4315739870071411,-0.047129906713962555,0.22416897118091583,0.371185839176178,-0.066249318420887,0.2189405858516693,0.3183346390724182,-0.0784001275897026,0.1917511224746704,0.5127575993537903,-0.02780904620885849,0.21466206014156342,0.4158717393875122,-0.05702197924256325,0.2272343933582306,0.359277606010437,-0.07449761778116226,0.23112161457538605,0.311830073595047,-0.0808449313044548,0.1535213738679886,0.5269101858139038,-0.03883030638098717,0.15854382514953613,0.4874367415904999,-0.08330145478248596,0.16175898909568787,0.5544027090072632,-0.09067067503929138,0.16643154621124268,0.6012502312660217,-0.08144494891166687,0.11509774625301361,0.5539386868476868,-0.05197480320930481,0.1237579733133316,0.5308550596237183,-0.08556482940912247,0.13611100614070892,0.5819287896156311,-0.08482073992490768,0.14858558773994446,0.6197825074195862,-0.07602734863758087,r
0.15273550152778625,0.7444233894348145,3.952902147830173e-07,0.19938674569129944,0.7077102065086365,-0.02097211964428425,0.22408141195774078,0.648603618144989,-0.03128908574581146,0.20548473298549652,0.6042330265045166,-0.04273219779133797,0.1764906346797943,0.5714150667190552,-0.05375617370009422,0.21463686227798462,0.5388532280921936,-0.009628103114664555,0.20605267584323883,0.456093430519104,-0.029597442597150803,0.19883416593074799,0.39909765124320984,-0.046348150819540024,0.1895218938589096,0.34827524423599243,-0.05786564573645592,0.179421067237854,0.5409941673278809,-0.018065134063363075,0.19188839197158813,0.4417436420917511,-0.03956809639930725,0.2000005841255188,0.38821980357170105,-0.05370570346713066,0.20011202991008759,0.3445577621459961,-0.059767745435237885,0.14305603504180908,0.563774585723877,-0.030465034767985344,0.1443498432636261,0.5118096470832825,-0.06601599603891373,0.15833914279937744,0.5698367953300476,-0.07157547026872635,0.16803765296936035,0.6134989261627197,-0.0644766241312027,0.10592939704656601,0.5995669364929199,-0.044609036296606064,0.11283941566944122,0.5625787973403931,-0.073115274310112,0.1290210485458374,0.6061626076698303,-0.0715111717581749,0.14244335889816284,0.6414501667022705,-0.06385300308465958,r
0.1503642499446869,0.7391601800918579,4.2345322981418576e-07,0.19606275856494904,0.7034906148910522,-0.022166511043906212,0.2216280847787857,0.6418600678443909,-0.03279350697994232,0.19973796606063843,0.5964042544364929,-0.044171448796987534,0.16575419902801514,0.5653942227363586,-0.05506310984492302,0.20975427329540253,0.5334228277206421,-0.01038453634828329,0.20121774077415466,0.450898140668869,-0.03040442429482937,0.19407659769058228,0.3944856524467468,-0.04675343632698059,0.1842023730278015,0.3448011577129364,-0.0577559731900692,0.17408820986747742,0.5363218188285828,-0.018335791304707527,0.1858920007944107,0.43855828046798706,-0.04031502828001976,0.19404156506061554,0.3855817914009094,-0.05471406131982803,0.19326484203338623,0.3404965400695801,-0.06037153676152229,0.13812656700611115,0.5594573616981506,-0.030347460880875587,0.14176428318023682,0.5161921977996826,-0.06740189343690872,0.15714246034622192,0.5763692259788513,-0.0741240531206131,0.1668292135000229,0.6178988218307495,-0.06675196439027786,0.10207846015691757,0.5947356820106506,-0.044012270867824554,0.11133629083633423,0.5617766976356506,-0.07294153422117233,0.12919208407402039,0.6059528589248657,-0.0715506374835968,0.14265039563179016,0.6401112079620361,-0.06355214864015579,r
0.15257489681243896,0.7486748695373535,3.854401313674316e-07,0.19974061846733093,0.7056862115859985,-0.0191549900919199,0.22358490526676178,0.6431691646575928,-0.029161497950553894,0.20445170998573303,0.5967657566070557,-0.04083384573459625,0.1721155196428299,0.5670620799064636,-0.05237998068332672,0.21043401956558228,0.5378860831260681,-0.009162668138742447,0.20255909860134125,0.4554542303085327,-0.028673671185970306,0.19457389414310455,0.4004920423030853,-0.045233357697725296,0.18434926867485046,0.3501132130622864,-0.05668904632329941,0.17510300874710083,0.5413562655448914,-0.018010618165135384,0.18653622269630432,0.4437728226184845,-0.03996187821030617,0.19386717677116394,0.3901156485080719,-0.0551016628742218,0.19262631237506866,0.3465067744255066,-0.06211629509925842,0.13886402547359467,0.5645315051078796,-0.030416645109653473,0.14301630854606628,0.5132331252098083,-0.06593002378940582,0.15937025845050812,0.5713402032852173,-0.07327548414468765,0.16948413848876953,0.6165793538093567,-0.06742149591445923,0.10295654833316803,0.6002061367034912,-0.044290442019701004,0.1128389835357666,0.5634996294975281,-0.07232286781072617,0.13244730234146118,0.6050482392311096,-0.07215484976768494,0.1479913592338562,0.6421623229980469,-0.06563487648963928,r
0.15047770738601685,0.7436164617538452,3.683666136566899e-07,0.19601784646511078,0.7069064378738403,-0.019211014732718468,0.22057460248470306,0.6458532810211182,-0.02859850972890854,0.2002706080675125,0.5993649959564209,-0.03942985087633133,0.16789613664150238,0.5685295462608337,-0.050023794174194336,0.2095934897661209,0.5418437719345093,-0.007976699620485306,0.20195551216602325,0.46265023946762085,-0.02727213315665722,0.1942909061908722,0.40724441409111023,-0.043546900153160095,0.18391388654708862,0.3573060631752014,-0.05481347814202309,0.17604069411754608,0.5441874265670776,-0.01664200983941555,0.18844932317733765,0.44709086418151855,-0.03807917609810829,0.1957452893257141,0.39493051171302795,-0.0527990348637104,0.19394360482692719,0.3525086045265198,-0.05928734317421913,0.14120423793792725,0.5662505030632019,-0.02895999886095524,0.14286555349826813,0.5144454836845398,-0.06491288542747498,0.1579093337059021,0.5718181729316711,-0.07202938944101334,0.1676177680492401,0.6151217818260193,-0.0657508596777916,0.10566528886556625,0.6006837487220764,-0.04264488071203232,0.11424767225980759,0.5638211369514465,-0.07173845171928406,0.1320716142654419,0.6067359447479248,-0.071406289935112,0.14574258029460907,0.6429581046104431,-0.06452392041683197,r
0.14695657789707184,0.7470120787620544,3.766866711885086e-07,0.19428549706935883,0.7118749022483826,-0.020154165104031563,0.2206840217113495,0.6483756303787231,-0.03062821924686432,0.1994372457265854,0.598398745059967,-0.04268297553062439,0.16588115692138672,0.565645694732666,-0.054596614092588425,0.20958705246448517,0.5442352294921875,-0.009624426253139973,0.20338192582130432,0.4615385830402374,-0.030570441856980324,0.19627779722213745,0.4053950905799866,-0.0478992722928524,0.18677324056625366,0.35607317090034485,-0.05969524383544922,0.17540913820266724,0.5461952090263367,-0.018760235980153084,0.18833178281784058,0.4480118751525879,-0.043073225766420364,0.19594256579875946,0.3944656252861023,-0.059489522129297256,0.19430695474147797,0.3503846824169159,-0.06663578003644943,0.14013952016830444,0.5679039359092712,-0.031536996364593506,0.14533790946006775,0.5125076770782471,-0.07016269862651825,0.15951310098171234,0.5731828808784485,-0.07712908089160919,0.1670510470867157,0.6196176409721375,-0.07002628594636917,0.10402664542198181,0.602225661277771,-0.045756518840789795,0.11588716506958008,0.5654196739196777,-0.07724930346012115,0.13379956781864166,0.609981119632721,-0.07712063193321228,0.1461789309978485,0.6474380493164062,-0.06972561031579971,r
0.14578385651111603,0.7487808465957642,3.7168010180721467e-07,0.19322369992733002,0.7111741304397583,-0.018063079565763474,0.21976274251937866,0.6496626138687134,-0.02698623016476631,0.19974051415920258,0.6033388376235962,-0.037741560488939285,0.1642455756664276,0.5739871263504028,-0.048480067402124405,0.2101382613182068,0.5437479019165039,-0.00708870030939579,0.20432670414447784,0.46074768900871277,-0.025453753769397736,0.19630469381809235,0.4061889052391052,-0.0412951298058033,0.18571065366268158,0.3574397563934326,-0.05187191441655159,0.17560328543186188,0.5444382429122925,-0.01606743410229683,0.18904545903205872,0.44912707805633545,-0.03578755259513855,0.1973080039024353,0.39599835872650146,-0.0498603917658329,0.19733183085918427,0.3523518741130829,-0.056143831461668015,0.14041157066822052,0.5661062002182007,-0.028554169461131096,0.14218845963478088,0.519451379776001,-0.061530593782663345,0.1552356481552124,0.5769107341766357,-0.06827978789806366,0.1634143441915512,0.6206938028335571,-0.06232597678899765,0.10550903528928757,0.6018889546394348,-0.04253453016281128,0.11282846331596375,0.5642443895339966,-0.0680597573518753,0.12916657328605652,0.606157660484314,-0.06621244549751282,0.14207354187965393,0.6438685655593872,-0.05867090821266174,r
0.14706893265247345,0.7390123009681702,3.571769582322304e-07,0.1930651217699051,0.6998264193534851,-0.016818653792142868,0.22056083381175995,0.6408532857894897,-0.025961726903915405,0.208021342754364,0.5929142236709595,-0.0371389202773571,0.17881253361701965,0.5605859756469727,-0.048195935785770416,0.20884649455547333,0.5348374843597412,-0.008969533257186413,0.20298391580581665,0.4490467309951782,-0.029593469575047493,0.1955811232328415,0.39249134063720703,-0.04688859358429909,0.18616756796836853,0.3433902859687805,-0.05814060568809509,0.1738525927066803,0.5355631113052368,-0.018189961090683937,0.18635530769824982,0.4403834640979767,-0.041063278913497925,0.19385549426078796,0.3837934136390686,-0.05669685825705528,0.19373340904712677,0.3389781415462494,-0.06382063031196594,0.13804134726524353,0.555590033531189,-0.030522340908646584,0.1430121511220932,0.5071333050727844,-0.06417111307382584,0.1584395468235016,0.560488760471344,-0.07074841111898422,0.1681799590587616,0.6054532527923584,-0.06495479494333267,0.10215941071510315,0.5889274477958679,-0.0443141795694828,0.11320462822914124,0.5556334853172302,-0.07000423222780228,0.13147778809070587,0.5954155921936035,-0.06885658204555511,0.14636939764022827,0.6321606636047363,-0.061774976551532745,r
0.1481695920228958,0.7279542684555054,4.0294125369655376e-07,0.19509227573871613,0.6925936341285706,-0.020703177899122238,0.22093725204467773,0.632688581943512,-0.031513601541519165,0.2033897042274475,0.5847804546356201,-0.04337730258703232,0.17186234891414642,0.5528020262718201,-0.054893240332603455,0.21029764413833618,0.5259959697723389,-0.012651300989091396,0.20385658740997314,0.44428738951683044,-0.03323400393128395,0.1968275010585785,0.38770556449890137,-0.04997173696756363,0.18791331350803375,0.3390944004058838,-0.06110614538192749,0.17429304122924805,0.5266673564910889,-0.02053971029818058,0.18621115386486053,0.4308505058288574,-0.0436096228659153,0.19421416521072388,0.3767661452293396,-0.058829810470342636,0.19348061084747314,0.3367137312889099,-0.06533852964639664,0.1380552053451538,0.5477238893508911,-0.031812671571969986,0.1423262506723404,0.4983155131340027,-0.06758150458335876,0.1584715098142624,0.5511476993560791,-0.07508256286382675,0.1677778959274292,0.5962120890617371,-0.06928282231092453,0.1024857833981514,0.5813088417053223,-0.044655703008174896,0.11606310307979584,0.55209881067276,-0.07376855611801147,0.13402482867240906,0.59266197681427,-0.07438798248767853,0.14689530432224274,0.6283304691314697,-0.06795995682477951,r
0.14733493328094482,0.7423073649406433,3.5401478726271307e-07,0.19436487555503845,0.7054832577705383,-0.01733786053955555,0.22143495082855225,0.6461582779884338,-0.027414128184318542,0.20427072048187256,0.5984382033348083,-0.03952173888683319,0.17169982194900513,0.5683526992797852,-0.05180032178759575,0.21346861124038696,0.5424885153770447,-0.010704386048018932,0.2085927575826645,0.45939376950263977,-0.030878182500600815,0.20117737352848053,0.40468326210975647,-0.048083361238241196,0.19121260941028595,0.35524702072143555,-0.059764206409454346,0.17859114706516266,0.5422356724739075,-0.02000514417886734,0.19319039583206177,0.45253118872642517,-0.042155671864748,0.20107389986515045,0.39858493208885193,-0.0577186644077301,0.20072773098945618,0.35269832611083984,-0.06540418416261673,0.1429302990436554,0.5620677471160889,-0.0323551669716835,0.1465211659669876,0.5155094861984253,-0.065473273396492,0.16037429869174957,0.5696231722831726,-0.07215382158756256,0.16908113658428192,0.612822413444519,-0.0668773204088211,0.10745961219072342,0.5956305861473083,-0.046202175319194794,0.11604791134595871,0.5606959462165833,-0.07157668471336365,0.13347862660884857,0.6003972291946411,-0.07039563357830048,0.1476459950208664,0.6378087997436523,-0.06368383765220642,r
0.14945803582668304,0.7384486794471741,3.874585559060506e-07,0.19748224318027496,0.7015066742897034,-0.01905636303126812,0.22407612204551697,0.6391798257827759,-0.028514353558421135,0.20150375366210938,0.5901354551315308,-0.03932184725999832,0.16667558252811432,0.5589637160301208,-0.050108980387449265,0.21274544298648834,0.534767746925354,-0.0096193952485919,0.20778542757034302,0.45190107822418213,-0.028017878532409668,0.20177865028381348,0.39620161056518555,-0.04357264190912247,0.1928291916847229,0.34674394130706787,-0.05427609384059906,0.17748777568340302,0.5352206826210022,-0.018202409148216248,0.19155947864055634,0.44013354182243347,-0.03893323615193367,0.19984523952007294,0.3893103003501892,-0.05339573696255684,0.19868996739387512,0.3485252857208252,-0.05963797867298126,0.14188629388809204,0.5568501949310303,-0.03009728342294693,0.1461879014968872,0.5099173784255981,-0.06293550878763199,0.16049911081790924,0.5650432705879211,-0.06902521848678589,0.1685529351234436,0.60685133934021,-0.06284864991903305,0.10626322031021118,0.5916769504547119,-0.04353443160653114,0.11507017910480499,0.5548986792564392,-0.06890150159597397,0.1320810168981552,0.5956364870071411,-0.06689844280481339,0.14481627941131592,0.6318050026893616,-0.05935750529170036,r
0.1462424397468567,0.7382234334945679,3.487533888346661e-07,0.19457833468914032,0.7008098363876343,-0.01692669279873371,0.22137172520160675,0.6405947208404541,-0.026193376630544662,0.20270830392837524,0.5927931666374207,-0.0378023125231266,0.1698894053697586,0.5598443150520325,-0.04950210452079773,0.2131371945142746,0.5370197296142578,-0.006974785588681698,0.20735469460487366,0.4556204676628113,-0.026527030393481255,0.19937580823898315,0.4017946124076843,-0.04319889843463898,0.1895749270915985,0.35241276025772095,-0.054686129093170166,0.17888396978378296,0.5375185608863831,-0.017009688541293144,0.19335117936134338,0.4428851008415222,-0.03899959474802017,0.2008056342601776,0.3894953727722168,-0.05454595386981964,0.20006847381591797,0.34590697288513184,-0.061970923095941544,0.14300478994846344,0.5583814978599548,-0.030378418043255806,0.14537957310676575,0.505828857421875,-0.06587451696395874,0.15727347135543823,0.5642186999320984,-0.07277721166610718,0.16501273214817047,0.6099556088447571,-0.06680822372436523,0.10690666735172272,0.592775285243988,-0.04500589147210121,0.11527479439973831,0.5581430792808533,-0.07325802743434906,0.13100263476371765,0.6006412506103516,-0.07250801473855972,0.14352673292160034,0.6372292637825012,-0.06557987630367279,r
0.14729848504066467,0.7319114804267883,3.653761098121322e-07,0.19631117582321167,0.6960318684577942,-0.018525000661611557,0.22354058921337128,0.6352207660675049,-0.02809062786400318,0.20314185321331024,0.5864856839179993,-0.039549797773361206,0.1702495813369751,0.5548281073570251,-0.051048848778009415,0.21368205547332764,0.5317013263702393,-0.008127489127218723,0.2077537328004837,0.44988447427749634,-0.028025588020682335,0.20095400512218475,0.3958369195461273,-0.0446961484849453,0.19160102307796478,0.3465738892555237,-0.056091830134391785,0.17918623983860016,0.532292902469635,-0.017548710107803345,0.19347289204597473,0.4392128586769104,-0.04061184078454971,0.201471745967865,0.3860042691230774,-0.05656539276242256,0.20124156773090363,0.33997803926467896,-0.06377502530813217,0.14308324456214905,0.5528220534324646,-0.030512526631355286,0.14658498764038086,0.5032348036766052,-0.06769202649593353,0.15866217017173767,0.5631711483001709,-0.07531070709228516,0.16706575453281403,0.6074790954589844,-0.06903184205293655,0.1066301092505455,0.5868129730224609,-0.044742461293935776,0.11552424728870392,0.551666796207428,-0.07402776926755905,0.13273835182189941,0.5954023599624634,-0.07367327809333801,0.1470647007226944,0.6324949264526367,-0.06662387400865555,r
0.14680036902427673,0.7375684976577759,3.9338064539151674e-07,0.19608211517333984,0.701629102230072,-0.02069716900587082,0.22365452349185944,0.6407912969589233,-0.03158979117870331,0.20300666987895966,0.5919981598854065,-0.04394691810011864,0.16792333126068115,0.560981810092926,-0.056116148829460144,0.2129782885313034,0.5331242084503174,-0.009992926381528378,0.2069033533334732,0.45265090465545654,-0.030137773603200912,0.19924858212471008,0.39935266971588135,-0.04710383713245392,0.18852685391902924,0.3503248989582062,-0.05852788686752319,0.17792069911956787,0.5348356366157532,-0.01844307966530323,0.19368647038936615,0.4420669674873352,-0.04082245007157326,0.2033769190311432,0.39071908593177795,-0.05593332275748253,0.20373624563217163,0.34646886587142944,-0.06261678040027618,0.1422736942768097,0.5562922954559326,-0.030665017664432526,0.1480901837348938,0.5112548470497131,-0.06714173406362534,0.16113212704658508,0.572140097618103,-0.07428871095180511,0.16870281100273132,0.6165198683738708,-0.06773250550031662,0.10681425780057907,0.5905771255493164,-0.044458623975515366,0.11757905781269073,0.557798445224762,-0.0726955458521843,0.1347830593585968,0.602345883846283,-0.07181362807750702,0.14788493514060974,0.6397026181221008,-0.06452333927154541,r
0.14830371737480164,0.7444967031478882,3.1942039413479506e-07,0.19634757936000824,0.7071826457977295,-0.018792476505041122,0.2231614589691162,0.6515437960624695,-0.030616076663136482,0.21040304005146027,0.6059463024139404,-0.0446283333003521,0.18185576796531677,0.5697341561317444,-0.05853552371263504,0.21533678472042084,0.5401526689529419,-0.010573814623057842,0.20870980620384216,0.4589066207408905,-0.03191246837377548,0.20088568329811096,0.4057399034500122,-0.050084181129932404,0.19123464822769165,0.35703009366989136,-0.06238658353686333,0.1806187480688095,0.5420931577682495,-0.020317308604717255,0.19355101883411407,0.44622179865837097,-0.04367215931415558,0.20157739520072937,0.3926255702972412,-0.0600246824324131,0.20173415541648865,0.3471168279647827,-0.06832566857337952,0.14473889768123627,0.5634781718254089,-0.03347638621926308,0.14988800883293152,0.5137959718704224,-0.06927303224802017,0.16453391313552856,0.5721799731254578,-0.07651368528604507,0.17327527701854706,0.6173015832901001,-0.07119069993495941,0.10921277105808258,0.5975536704063416,-0.04812363535165787,0.11955596506595612,0.561913013458252,-0.07542631030082703,0.1361369788646698,0.6037879586219788,-0.07449683547019958,0.14803917706012726,0.6402237415313721,-0.06794914603233337,r
0.14976057410240173,0.7409819960594177,3.4026683692900406e-07,0.19743819534778595,0.7026978731155396,-0.017120273783802986,0.2243901640176773,0.6414132118225098,-0.025464989244937897,0.20452706515789032,0.5921868681907654,-0.035942841321229935,0.17048169672489166,0.5597562193870544,-0.04625476896762848,0.2155395895242691,0.5363837480545044,-0.005668187513947487,0.2089848816394806,0.45615842938423157,-0.024273069575428963,0.20109862089157104,0.40283849835395813,-0.04031630977988243,0.19099053740501404,0.35307490825653076,-0.05151413008570671,0.18075059354305267,0.5368635654449463,-0.014993910677731037,0.19341310858726501,0.4424182176589966,-0.03609786555171013,0.20076601207256317,0.39120277762413025,-0.05093234032392502,0.2001214474439621,0.34834831953048706,-0.05782972648739815,0.14470764994621277,0.5577596426010132,-0.027735305950045586,0.14648905396461487,0.5096710324287415,-0.062493834644556046,0.1598634421825409,0.5687891244888306,-0.06952528655529022,0.1687767654657364,0.6129478812217712,-0.06363365799188614,0.10862527042627335,0.5918042659759521,-0.04181554913520813,0.1177765280008316,0.5605787634849548,-0.06916763633489609,0.1347825974225998,0.6032476425170898,-0.06882813572883606,0.14837300777435303,0.638304591178894,-0.062370654195547104,r
0.15076816082000732,0.7380623817443848,3.806334802902711e-07,0.19829615950584412,0.6994410753250122,-0.01796693168580532,0.22552044689655304,0.6375223398208618,-0.027562377974390984,0.20826394855976105,0.587640643119812,-0.039037011563777924,0.1737874299287796,0.555219292640686,-0.05051417276263237,0.21348057687282562,0.5314822196960449,-0.009391352534294128,0.20786000788211823,0.4499327540397644,-0.029195941984653473,0.20092391967773438,0.394484281539917,-0.04574328288435936,0.19207145273685455,0.3445718288421631,-0.05705594643950462,0.1784134805202484,0.5311229228973389,-0.018833938986063004,0.19207386672496796,0.43600785732269287,-0.04013502970337868,0.2009434849023819,0.3829677999019623,-0.05452170595526695,0.201629176735878,0.3397408723831177,-0.0610290952026844,0.14300915598869324,0.5523012280464172,-0.03159068897366524,0.14562347531318665,0.505874752998352,-0.06473983079195023,0.1600050926208496,0.5605065822601318,-0.07065732032060623,0.16874070465564728,0.6043572425842285,-0.064470574259758,0.10738672316074371,0.5876373648643494,-0.0459965355694294,0.1155000552535057,0.5525451302528381,-0.07148880511522293,0.13335467875003815,0.592289388179779,-0.07006915658712387,0.14766700565814972,0.6296984553337097,-0.06296771764755249,r
0.1495620608329773,0.7365778088569641,3.3358503515046323e-07,0.196620374917984,0.6986470222473145,-0.017757005989551544,0.22446948289871216,0.6389155387878418,-0.02698449045419693,0.2087649255990982,0.5890235900878906,-0.038142211735248566,0.17819905281066895,0.5561397075653076,-0.04924006015062332,0.21497663855552673,0.5346683859825134,-0.008341931737959385,0.21019504964351654,0.450400173664093,-0.02801814116537571,0.203284353017807,0.39494502544403076,-0.04466791823506355,0.1939719170331955,0.34547874331474304,-0.055928122252225876,0.18045419454574585,0.5347672700881958,-0.017389262095093727,0.1928284913301468,0.4418269991874695,-0.039270900189876556,0.1999458223581314,0.3873825967311859,-0.05445345491170883,0.19915719330310822,0.34221360087394714,-0.06157573685050011,0.14457586407661438,0.5549130439758301,-0.029813125729560852,0.148546501994133,0.5049652457237244,-0.06372134387493134,0.16146856546401978,0.5599605441093445,-0.07017083466053009,0.16971786320209503,0.6036669611930847,-0.06436784565448761,0.10838533937931061,0.5881284475326538,-0.04374752193689346,0.11753962934017181,0.5535025000572205,-0.07032625377178192,0.13441237807273865,0.5934656262397766,-0.06960955262184143,0.1481989622116089,0.6295281648635864,-0.06297522038221359,r
0.14952588081359863,0.7352031469345093,3.863505071421969e-07,0.19672930240631104,0.6973624229431152,-0.01820778101682663,0.22455112636089325,0.6393203735351562,-0.027626514434814453,0.20885393023490906,0.5919660925865173,-0.03873075544834137,0.17755500972270966,0.5593989491462708,-0.04965537413954735,0.2139338254928589,0.5311241745948792,-0.009076506830751896,0.20687104761600494,0.44947221875190735,-0.028429310768842697,0.19855573773384094,0.3950846493244171,-0.044453103095293045,0.1878446787595749,0.34658846259117126,-0.05467727407813072,0.1785552054643631,0.5315027236938477,-0.01765894889831543,0.19422504305839539,0.4380263090133667,-0.037798091769218445,0.20414681732654572,0.38561660051345825,-0.05134032666683197,0.20528559386730194,0.3451206386089325,-0.05678582936525345,0.14238065481185913,0.5516761541366577,-0.029691975563764572,0.14822956919670105,0.5128031969070435,-0.06226387992501259,0.16132596135139465,0.5671451687812805,-0.0688013806939125,0.16916193068027496,0.6103551983833313,-0.06263013184070587,0.1061922237277031,0.584688663482666,-0.04329099878668785,0.11701751500368118,0.5555641055107117,-0.06785127520561218,0.13445992767810822,0.5964462161064148,-0.0662597119808197,0.14883702993392944,0.6340718865394592,-0.0588403195142746,r
0.14821049571037292,0.7417051792144775,3.473983838375716e-07,0.19748330116271973,0.7035761475563049,-0.017820335924625397,0.2263413518667221,0.6463325023651123,-0.02876107022166252,0.2089695781469345,0.597564160823822,-0.04199983552098274,0.1752685159444809,0.5642479658126831,-0.05529733747243881,0.21522672474384308,0.5348543524742126,-0.009734385646879673,0.2091129720211029,0.45433440804481506,-0.030303172767162323,0.20172634720802307,0.40272045135498047,-0.04766291379928589,0.19164322316646576,0.3538268506526947,-0.05940739065408707,0.17965653538703918,0.5367295742034912,-0.01986139640212059,0.19446603953838348,0.44499558210372925,-0.042500101029872894,0.20273110270500183,0.3930622637271881,-0.05820624157786369,0.20285512506961823,0.3462808430194855,-0.06597419083118439,0.14429858326911926,0.5579337477684021,-0.03332905471324921,0.15171214938163757,0.5177328586578369,-0.06785537302494049,0.1659737229347229,0.5756810903549194,-0.0749870017170906,0.17491742968559265,0.6180861592292786,-0.06977655738592148,0.10950890928506851,0.5920436382293701,-0.048370953649282455,0.11881829053163528,0.5648579597473145,-0.07399752736091614,0.1369505524635315,0.6065486669540405,-0.07312027364969254,0.15148860216140747,0.6422445774078369,-0.06682927161455154,r
